Series Name,Series Code,Country Name,Country Code,1990 [YR1990],2000 [YR2000],2015 [YR2015],2016 [YR2016],2017 [YR2017],2018 [YR2018],2019 [YR2019],2020 [YR2020],2021 [YR2021],2022 [YR2022],2023 [YR2023],2024 [YR2024]
Energy use (kg of oil equivalent per capita),EG.USE.PCAP.KG.OE,Afghanistan,AFG,..,..,..,..,..,..,..,..,..,..,..,..
Energy use (kg of oil equivalent per capita),EG.USE.PCAP.KG.OE,Albania,ALB,813.373801291643,581.374748988005,762.287986301806,786.071045181397,824.373550389848,823.101982045081,817.176548362341,761.957268109783,810.006337207976,780.738623945557,..,..
Energy use (kg of oil equivalent per capita),EG.USE.PCAP.KG.OE,Algeria,DZA,874.398446212665,873.657787057718,1414.49702064392,1371.20207705232,1380.3468180174,1442.30211193457,1463.50985736009,1372.00040514264,1451.44517709293,1500.3461132579,..,..
Energy use (kg of oil equivalent per capita),EG.USE.PCAP.KG.OE,American Samoa,ASM,..,..,..,..,..,..,..,..,..,..,..,..
Energy use (kg of oil equivalent per capita),EG.USE.PCAP.KG.OE,Andorra,AND,..,..,..,..,..,..,..,..,..,..,..,..
Energy use (kg of oil equivalent per capita),EG.USE.PCAP.KG.OE,Angola,AGO,506.098906826107,428.222669261961,517.525209417242,462.934994006148,456.692217487614,405.179753107747,416.996507156148,397.633186643914,418.358996013843,423.122517600564,..,..
Energy use (kg of oil equivalent per capita),EG.USE.PCAP.KG.OE,Antigua and Barbuda,ATG,1567.0489962896,..,..,..,..,..,..,..,..,..,..,..
Energy use (kg of oil equivalent per capita),EG.USE.PCAP.KG.OE,Argentina,ARG,1351.48277612519,1643.32131961789,1919.75859208058,1889.87018853289,1874.82963739464,1806.77623499039,1777.41507710553,1624.17555252173,1741.65240212881,1808.99849167635,..,..
Energy use (kg of oil equivalent per capita),EG.USE.PCAP.KG.OE,Armenia,ARM,2170.25904717637,625.503227341883,1084.52062940136,1043.09797203416,1105.96696981707,1072.33682481147,1163.09284675689,1233.30455891532,1271.52805556324,1347.59055747413,..,..
Energy use (kg of oil equivalent per capita),EG.USE.PCAP.KG.OE,Aruba,ABW,..,..,..,..,..,..,..,..,..,..,..,..
Energy use (kg of oil equivalent per capita),EG.USE.PCAP.KG.OE,Australia,AUS,5047.63880316716,5681.22885913159,5318.66679266228,5216.98867184459,5323.92858334601,5282.20664251934,5295.87164421938,5229.062652917,5070.76722733807,4889.62127856192,5077.04278018472,..
Energy use (kg of oil equivalent per capita),EG.USE.PCAP.KG.OE,Austria,AUT,3240.45366951149,3570.94853169443,3795.51037374619,3797.16802222945,3839.94805232106,3717.62532112148,3765.98011899602,3546.32771195638,3726.61916635312,3465.29053401054,3324.72669124046,..
Energy use (kg of oil equivalent per capita),EG.USE.PCAP.KG.OE,Azerbaijan,AZE,3158.92272825814,1403.59874667104,1510.91856857889,1480.9342834589,1478.78418442924,1471.37027563956,1594.11077298348,1542.52180985426,1630.73477502983,1720.31588810935,..,..
Energy use (kg of oil equivalent per capita),EG.USE.PCAP.KG.OE,"Bahamas, The",BHS,2338.57233506677,..,..,..,..,..,..,..,..,..,..,..
Energy use (kg of oil equivalent per capita),EG.USE.PCAP.KG.OE,Bahrain,BHR,10576.1375209895,12833.272118279,10405.6390717453,9878.66504979139,9444.4239393348,9533.85538285247,10388.189018559,10832.91852134,10666.0574068433,10701.7927575092,0,..
Energy use (kg of oil equivalent per capita),EG.USE.PCAP.KG.OE,Bangladesh,BGD,114.23933585512,135.945727032601,237.713163558492,255.923548835134,260.880286120411,257.873889464682,273.340023331257,272.076572071717,292.487219529267,297.118356342706,..,..
Energy use (kg of oil equivalent per capita),EG.USE.PCAP.KG.OE,Barbados,BRB,1245.20778708495,..,..,..,..,..,..,..,..,..,..,..
Energy use (kg of oil equivalent per capita),EG.USE.PCAP.KG.OE,Belarus,BLR,4457.4379398096,2471.64424935802,2660.14026759548,2639.09486268036,2692.58344898873,2849.29477344053,2748.96883661007,2673.86548599188,2929.27533668037,2862.48703453706,..,..
Energy use (kg of oil equivalent per capita),EG.USE.PCAP.KG.OE,Belgium,BEL,4804.34618527299,5662.98174716427,4661.53453241131,4904.12819808335,4863.48372195372,4660.13377266864,4773.932613509,4358.9412773027,4793.0468713018,4333.0426748,3997.42195773972,..
Energy use (kg of oil equivalent per capita),EG.USE.PCAP.KG.OE,Belize,BLZ,580.1852782451,..,..,..,..,..,..,..,..,..,..,..
Energy use (kg of oil equivalent per capita),EG.USE.PCAP.KG.OE,Benin,BEN,314.609436799463,274.581436432907,379.492026672934,409.038821084068,412.304352119196,423.283323822533,414.543641080217,426.185478700943,376.055295296953,375.820983649337,..,..
Energy use (kg of oil equivalent per capita),EG.USE.PCAP.KG.OE,Bermuda,BMU,..,..,..,..,..,..,..,..,..,..,..,..
Energy use (kg of oil equivalent per capita),EG.USE.PCAP.KG.OE,Bhutan,BTN,94.9875832998183,..,..,..,..,..,..,..,..,..,..,..
Energy use (kg of oil equivalent per capita),EG.USE.PCAP.KG.OE,Bolivia,BOL,360.663520476773,424.497392990293,748.85994552389,778.965230116872,800.888183667631,803.127890554365,795.54274549867,657.745469205531,757.863166521587,798.293220052314,..,..
Energy use (kg of oil equivalent per capita),EG.USE.PCAP.KG.OE,Bosnia and Herzegovina,BIH,1577.4833806624,1044.83032752066,1755.04377103361,1945.25475764264,1966.74296405564,2205.40019359849,2157.71633026544,2152.73018925591,2267.26088940872,2270.72637629896,..,..
Energy use (kg of oil equivalent per capita),EG.USE.PCAP.KG.OE,Botswana,BWA,933.106112523037,1070.36119676312,1308.13445233238,1245.11570542658,1280.40747267283,1343.69847257232,1241.6779321074,1119.82959014247,1142.89798614093,1165.14968696121,..,..
Energy use (kg of oil equivalent per capita),EG.USE.PCAP.KG.OE,Brazil,BRA,942.317182249676,1081.36193393467,1477.71135638764,1411.50090973164,1428.63671291905,1400.2173612336,1412.60729823853,1375.83163242979,1426.92356611297,1428.99253421834,1477.28505055306,..
Energy use (kg of oil equivalent per capita),EG.USE.PCAP.KG.OE,British Virgin Islands,VGB,..,..,..,..,..,..,..,..,..,..,..,..
Energy use (kg of oil equivalent per capita),EG.USE.PCAP.KG.OE,Brunei Darussalam,BRN,6766.20265813163,7306.50805505588,6437.00247398227,7008.28171997556,8385.25858976533,8304.04242825767,9219.80339333238,9175.89257228992,8962.62325631033,9537.0515607056,..,..
Energy use (kg of oil equivalent per capita),EG.USE.PCAP.KG.OE,Bulgaria,BGR,3216.95690387597,2276.85216577279,2566.46526638593,2521.31461755681,2627.07813312518,2640.81252169616,2628.47684344995,2517.25256562329,2760.96448580193,2888.48505138988,..,..
Energy use (kg of oil equivalent per capita),EG.USE.PCAP.KG.OE,Burkina Faso,BFA,172.693031083803,122.87633161526,279.219982120516,271.615575346763,285.313799439353,299.913437292717,302.330693379864,263.88298802906,303.171853475007,312.929085804227,..,..
Energy use (kg of oil equivalent per capita),EG.USE.PCAP.KG.OE,Burundi,BDI,..,..,..,..,..,..,..,..,..,..,..,..
Energy use (kg of oil equivalent per capita),EG.USE.PCAP.KG.OE,Cabo Verde,CPV,77.3680226301714,..,..,..,..,..,..,..,..,..,..,..
Energy use (kg of oil equivalent per capita),EG.USE.PCAP.KG.OE,Cambodia,KHM,..,273.111060087066,379.745573981888,412.747652430932,418.953616262105,440.94962587052,489.36782496618,516.116717657277,501.330977178892,501.644136152087,..,..
Energy use (kg of oil equivalent per capita),EG.USE.PCAP.KG.OE,Cameroon,CMR,439.606062625838,425.839473286279,402.983607731397,400.082970120892,392.776292653391,392.392157002433,387.419411707774,386.883842275205,385.081685358061,384.104863153688,..,..
Energy use (kg of oil equivalent per capita),EG.USE.PCAP.KG.OE,Canada,CAN,7639.18628177217,8220.75720503648,7681.96398709014,7936.49539040876,8166.27117203823,8158.32963620489,8116.53873744093,7485.62249555932,7601.81611143617,7631.68862982975,7415.78101506054,..
Energy use (kg of oil equivalent per capita),EG.USE.PCAP.KG.OE,Cayman Islands,CYM,..,..,..,..,..,..,..,..,..,..,..,..
Energy use (kg of oil equivalent per capita),EG.USE.PCAP.KG.OE,Central African Republic,CAF,..,..,..,..,..,..,..,..,..,..,..,..
Energy use (kg of oil equivalent per capita),EG.USE.PCAP.KG.OE,Chad,TCD,296.85904442295,241.652052714378,217.019809756483,212.843968377387,204.267378434246,200.502145341686,190.365580148423,193.032680479683,195.892702847717,198.544774520873,..,..
Energy use (kg of oil equivalent per capita),EG.USE.PCAP.KG.OE,Channel Islands,CHI,..,..,..,..,..,..,..,..,..,..,..,..
Energy use (kg of oil equivalent per capita),EG.USE.PCAP.KG.OE,Chile,CHL,1042.63924696805,1623.48012689232,1968.30286182049,2070.46958170364,2065.97571745805,2067.9764736837,2154.35451877758,1946.16760616995,2032.98120427379,2117.77608061512,1959.70456752704,..
Energy use (kg of oil equivalent per capita),EG.USE.PCAP.KG.OE,China,CHN,769.601524864209,897.492022576956,2172.63043957296,2147.5478242754,2214.86726749259,2310.14470066159,2403.41507353211,2472.54314843967,2634.35668162948,2690.56034893867,..,..
Energy use (kg of oil equivalent per capita),EG.USE.PCAP.KG.OE,Colombia,COL,751.443375175586,667.583045920418,887.262025874734,910.977529760876,859.140165402896,816.327425217962,887.289705460699,810.052298592826,872.65899160931,775.539070145279,782.304888065609,..
Energy use (kg of oil equivalent per capita),EG.USE.PCAP.KG.OE,Comoros,COM,40.1415663905282,..,..,..,..,..,..,..,..,..,..,..
Energy use (kg of oil equivalent per capita),EG.USE.PCAP.KG.OE,"Congo, Dem. Rep.",COD,321.669866238426,275.387991752247,358.542081264932,355.065446444122,342.47376862199,339.760214710945,334.541728823177,372.066377241717,394.033246290347,390.899911233015,..,..
Energy use (kg of oil equivalent per capita),EG.USE.PCAP.KG.OE,"Congo, Rep.",COG,330.743815838523,225.662303752435,552.356622008088,561.321718306384,548.018753920295,552.165155128985,582.586127914209,586.736109679603,588.291763608764,627.585966198745,..,..
Energy use (kg of oil equivalent per capita),EG.USE.PCAP.KG.OE,Costa Rica,CRI,537.209043385466,729.765643709357,1024.45144520777,1001.15093508133,972.752740541664,950.307226341185,996.673606298647,948.979659241415,996.593947554107,1009.37503146896,966.971450362323,..
Energy use (kg of oil equivalent per capita),EG.USE.PCAP.KG.OE,Cote d'Ivoire,CIV,356.502117281303,383.698511747895,383.892794978009,391.655583364613,392.585250514189,358.541401840133,364.149863069511,375.317183892023,468.414497630569,471.775424802239,..,..
Energy use (kg of oil equivalent per capita),EG.USE.PCAP.KG.OE,Croatia,HRV,1983.33813559291,1882.60707106679,2018.54259233172,2057.18869470229,2159.96952184034,2127.63878608554,2173.19836034448,2104.84530641676,2212.49721053261,2154.95483266747,..,..
Energy use (kg of oil equivalent per capita),EG.USE.PCAP.KG.OE,Cuba,CUB,1637.46649787982,1146.62965504967,977.911020303909,960.436964626777,923.435423623599,879.967792727537,865.534592725481,854.374889761112,814.636458485932,815.615862798832,..,..
Energy use (kg of oil equivalent per capita),EG.USE.PCAP.KG.OE,Curacao,CUW,10030.0492449646,15737.4929646986,15175.8915126441,12894.4531964629,10612.5565556293,9497.71301546317,5972.17142455573,5097.78998455475,5497.70838327985,5774.97008786204,..,..
Energy use (kg of oil equivalent per capita),EG.USE.PCAP.KG.OE,Cyprus,CYP,1740.28410545305,2264.91863707719,1677.40248205105,1761.87442919766,1794.01732213218,1773.61456364017,1758.05457120745,1638.57191138119,1666.21660995085,1682.70492545045,..,..
Energy use (kg of oil equivalent per capita),EG.USE.PCAP.KG.OE,Czechia,CZE,4819.65584902188,4021.61848184496,3982.18836315647,3927.72515918366,4089.51341285553,4081.41868670154,4002.2461173426,3764.58101151339,4058.12213828101,3897.09744110081,3525.5883638184,..
Energy use (kg of oil equivalent per capita),EG.USE.PCAP.KG.OE,Denmark,DNK,3375.49333145812,3491.17168608231,2848.24005833514,2891.35212667213,2896.91040613626,2871.31912571116,2758.1535848545,2637.52222084736,2762.32958000027,2628.91899463742,2483.13781012505,..
Energy use (kg of oil equivalent per capita),EG.USE.PCAP.KG.OE,Djibouti,DJI,224.414357643502,..,..,..,..,..,..,..,..,..,..,..
Energy use (kg of oil equivalent per capita),EG.USE.PCAP.KG.OE,Dominica,DMA,304.071610151234,..,..,..,..,..,..,..,..,..,..,..
Energy use (kg of oil equivalent per capita),EG.USE.PCAP.KG.OE,Dominican Republic,DOM,561.152919456484,856.256386147598,797.923170664734,842.638249219176,824.396571608205,860.8644315883,938.583494670767,842.611820450654,939.195582252068,950.470105292014,..,..
Energy use (kg of oil equivalent per capita),EG.USE.PCAP.KG.OE,Ecuador,ECU,604.385185437681,638.756054226183,936.659126017204,885.602158222866,897.948107586853,869.583266013291,903.972772011095,785.425200484029,886.141180629787,904.739923624519,..,..
Energy use (kg of oil equivalent per capita),EG.USE.PCAP.KG.OE,"Egypt, Arab Rep.",EGY,575.483845804041,569.773180888003,809.491449214396,872.324808055273,895.975889473928,870.566776978934,844.540510368646,805.020862287894,885.677855509665,900.373310803045,..,..
Energy use (kg of oil equivalent per capita),EG.USE.PCAP.KG.OE,El Salvador,SLV,457.240592953815,537.110967454389,674.353996656659,686.997805008996,674.665441622059,694.567755248769,734.803208380046,669.910725026867,722.148396888114,768.683429492147,..,..
Energy use (kg of oil equivalent per capita),EG.USE.PCAP.KG.OE,Equatorial Guinea,GNQ,280.053730785481,342.94581014711,1329.54186375437,1510.32394648061,1291.24482554605,1409.34005936781,1273.74315217578,1121.3790829434,1300.88396062046,1283.9351679017,..,..
Energy use (kg of oil equivalent per capita),EG.USE.PCAP.KG.OE,Eritrea,ERI,..,315.395535029609,271.621174865657,277.263825443909,278.046653683449,282.970999568768,285.072046929144,284.944148661073,286.998662898016,289.547794683649,..,..
Energy use (kg of oil equivalent per capita),EG.USE.PCAP.KG.OE,Estonia,EST,6818.48447304429,3377.645508595,3695.11919135189,4579.42111654538,4444.84667060588,4359.95295201493,3661.49925395092,3366.74622873232,3426.59979577079,3558.49999898152,2880.94356450282,..
Energy use (kg of oil equivalent per capita),EG.USE.PCAP.KG.OE,Eswatini,SWZ,1171.49550021174,913.698267523096,1046.30784939115,1035.35273669945,996.714704846792,989.952755531414,1023.13885273742,991.485746872995,951.152984722388,958.916943750887,..,..
Energy use (kg of oil equivalent per capita),EG.USE.PCAP.KG.OE,Ethiopia,ETH,368.247986717548,363.603550531224,380.062892430497,383.623509864643,382.08010457893,384.725728343228,386.237241195762,380.656754967252,373.902183810576,377.921752731092,..,..
Energy use (kg of oil equivalent per capita),EG.USE.PCAP.KG.OE,Faroe Islands,FRO,..,..,..,..,..,..,..,..,..,..,..,..
Energy use (kg of oil equivalent per capita),EG.USE.PCAP.KG.OE,Fiji,FJI,369.58526656632,..,..,..,..,..,..,..,..,..,..,..
Energy use (kg of oil equivalent per capita),EG.USE.PCAP.KG.OE,Finland,FIN,5691.62343795639,6257.21912070832,5921.59681653244,6120.63301519281,6070.15750826277,6165.44402350648,6024.64068885194,5739.07303589647,5994.29375783761,5681.8747010757,5866.62607538471,..
Energy use (kg of oil equivalent per capita),EG.USE.PCAP.KG.OE,France,FRA,3840.38016522288,4130.17270058081,3795.9498874457,3715.23346860046,3700.96956491664,3665.53572999823,3601.76570846162,3224.46770851692,3470.00297348378,3102.40310926754,3138.35191037802,..
Energy use (kg of oil equivalent per capita),EG.USE.PCAP.KG.OE,French Polynesia,PYF,..,..,..,..,..,..,..,..,..,..,..,..
Energy use (kg of oil equivalent per capita),EG.USE.PCAP.KG.OE,Gabon,GAB,1201.08359172965,1153.06155311667,2550.96047927478,2489.24179859903,2263.59335681829,2294.91220106774,2205.67182377894,2140.11585242125,2101.49682483071,2096.2456480631,..,..
Energy use (kg of oil equivalent per capita),EG.USE.PCAP.KG.OE,"Gambia, The",GMB,58.5870250764201,..,..,..,..,..,..,..,..,..,..,..
Energy use (kg of oil equivalent per capita),EG.USE.PCAP.KG.OE,Georgia,GEO,2585.81272484196,703.790688330461,1259.15997860484,1300.49894445527,1312.78610346067,1301.87728809329,1371.17934672286,1327.38644455455,1425.96785615054,1543.58379982411,..,..
Energy use (kg of oil equivalent per capita),EG.USE.PCAP.KG.OE,Germany,DEU,4421.75298411525,4094.27901518469,3780.85027551891,3765.21799936242,3763.19404182465,3659.22924485198,3570.88159282488,3349.19012313459,3466.91774472334,3236.72845177468,2947.21898025059,..
Energy use (kg of oil equivalent per capita),EG.USE.PCAP.KG.OE,Ghana,GHA,343.736504631431,322.127334642966,329.310413380585,327.900376302991,321.689981223707,350.473174277428,354.248843433875,367.161102921615,361.944978890071,359.179379052306,..,..
Energy use (kg of oil equivalent per capita),EG.USE.PCAP.KG.OE,Gibraltar,GIB,2115.3667829987,4613.31422552377,6357.37503902618,6576.81314975242,6890.92556192057,7190.5950344648,7476.80384692666,6822.75357269776,6723.81850183662,6522.23499259331,..,..
Energy use (kg of oil equivalent per capita),EG.USE.PCAP.KG.OE,Greece,GRC,2102.69488021793,2512.02003858494,2148.04707916151,2109.41656684289,2148.0515638287,2089.36044213673,2058.5433840771,1840.48388256342,1923.02095463019,1960.67533913558,1868.75507336922,..
Energy use (kg of oil equivalent per capita),EG.USE.PCAP.KG.OE,Greenland,GRL,..,..,..,..,..,..,..,..,..,..,..,..
Energy use (kg of oil equivalent per capita),EG.USE.PCAP.KG.OE,Grenada,GRD,424.926688476045,..,..,..,..,..,..,..,..,..,..,..
Energy use (kg of oil equivalent per capita),EG.USE.PCAP.KG.OE,Guam,GUM,..,..,..,..,..,..,..,..,..,..,..,..
Energy use (kg of oil equivalent per capita),EG.USE.PCAP.KG.OE,Guatemala,GTM,488.840526784134,615.959274265347,787.263517462421,833.55203066865,817.676720672477,833.831068721414,851.576981433866,823.751784803862,924.210448799794,887.8389253262,..,..
Energy use (kg of oil equivalent per capita),EG.USE.PCAP.KG.OE,Guinea,GIN,..,..,..,..,..,..,..,..,..,..,..,..
Energy use (kg of oil equivalent per capita),EG.USE.PCAP.KG.OE,Guinea-Bissau,GNB,76.6529652274027,..,..,..,..,..,..,..,..,..,..,..
Energy use (kg of oil equivalent per capita),EG.USE.PCAP.KG.OE,Guyana,GUY,509.519852139102,..,..,..,..,..,..,..,..,..,..,..
Energy use (kg of oil equivalent per capita),EG.USE.PCAP.KG.OE,Haiti,HTI,350.872503169981,367.668711281342,400.138818358845,408.56544100745,410.595545177212,419.506914918994,409.8045053234,398.394138508433,406.126296523889,377.526060418635,..,..
Energy use (kg of oil equivalent per capita),EG.USE.PCAP.KG.OE,Honduras,HND,477.827221914214,456.244812117242,659.394073401803,616.39140542774,537.592382183152,565.077916293092,583.591911432311,544.573855679284,569.966470568883,573.344445082903,..,..
Energy use (kg of oil equivalent per capita),EG.USE.PCAP.KG.OE,"Hong Kong SAR, China",HKG,1643.83924591339,2121.26333389026,2030.16882885741,2081.70251975178,1868.11658156736,1916.57759637005,1876.91855569536,1655.13405911583,1671.63130147382,1566.39613487602,..,..
Energy use (kg of oil equivalent per capita),EG.USE.PCAP.KG.OE,Hungary,HUN,2774.66774826857,2448.35399628198,2559.32489879297,2598.64407958244,2720.33439389079,2719.60757534915,2727.76850926666,2690.99272363692,2827.52439382651,2661.74727916976,2493.39125666363,..
Energy use (kg of oil equivalent per capita),EG.USE.PCAP.KG.OE,Iceland,ISL,9058.44053572426,11404.9435876155,16910.7212326475,15701.4730096728,16234.9829641811,17346.7502731224,16700.5920009676,16083.6099695089,15777.0243039923,15856.4293794614,15892.4158527217,..
Energy use (kg of oil equivalent per capita),EG.USE.PCAP.KG.OE,India,IND,323.904379836458,394.98401446213,621.233101872706,625.339936484507,647.961983314095,671.520649189685,665.57468725444,624.86144636956,675.282775662932,712.242532438078,..,..
Energy use (kg of oil equivalent per capita),EG.USE.PCAP.KG.OE,Indonesia,IDN,461.47874965682,585.786606311255,692.359585231709,709.064867794897,739.032212284228,813.437822352458,850.270709008969,810.003516802792,824.619533270622,935.774141748266,..,..
Energy use (kg of oil equivalent per capita),EG.USE.PCAP.KG.OE,"Iran, Islamic Rep.",IRN,1187.4644026572,1852.22331549631,2736.74412885975,2860.59701763688,3028.21640684666,2911.05556416118,3188.80398470773,3252.6054710927,3336.19069126419,3266.12248660454,..,..
Energy use (kg of oil equivalent per capita),EG.USE.PCAP.KG.OE,Iraq,IRQ,1140.06857395631,1090.52205809652,998.349545341439,1076.62803028259,1185.88106304283,1287.12364484767,1319.43951211192,1143.12626352051,1275.01138784403,1411.58869867393,..,..
Energy use (kg of oil equivalent per capita),EG.USE.PCAP.KG.OE,Ireland,IRL,2820.54349821097,3627.29127327405,2823.99503839584,2935.02594942249,2864.55811835722,2835.59440587168,2768.26263673508,2659.00152476651,2728.55817677236,2622.13557873134,2459.07861839225,..
Energy use (kg of oil equivalent per capita),EG.USE.PCAP.KG.OE,Isle of Man,IMN,..,..,..,..,..,..,..,..,..,..,..,..
Energy use (kg of oil equivalent per capita),EG.USE.PCAP.KG.OE,Israel,ISR,2460.48176754989,2899.21092060716,2607.84399987972,2569.21718310487,2481.51602271413,2490.06554012289,2407.97500275888,2453.62703150387,2432.5509270456,2496.2776151277,2458.50485972356,..
Energy use (kg of oil equivalent per capita),EG.USE.PCAP.KG.OE,Italy,ITA,2584.07898755354,3012.48356350836,2512.12819840147,2490.24279736688,2534.74764221301,2492.03489957178,2494.02659804115,2313.10006204514,2531.08698798735,2411.65172417311,2317.73029105407,..
Energy use (kg of oil equivalent per capita),EG.USE.PCAP.KG.OE,Jamaica,JAM,1098.84826912252,1339.1099922275,903.435894725802,998.797053907958,919.667703413837,1031.75337490372,1075.71855431766,795.43607562422,880.70616769668,968.879419803617,..,..
Energy use (kg of oil equivalent per capita),EG.USE.PCAP.KG.OE,Japan,JPN,3538.39176035754,4067.03590917034,3400.59271053608,3370.88704456467,3391.04909776843,3343.06542921568,3261.68513219149,3046.98230618116,3196.2173974528,3135.85954395544,3040.65374972363,..
Energy use (kg of oil equivalent per capita),EG.USE.PCAP.KG.OE,Jordan,JOR,903.937959777405,903.243088042685,903.433667037898,887.616759444148,917.041568368822,869.212005052558,811.583012032737,754.943831707803,725.458661893959,754.305503117865,..,..
Energy use (kg of oil equivalent per capita),EG.USE.PCAP.KG.OE,Kazakhstan,KAZ,4281.89445289382,2301.832950293,3052.91836942759,3389.13243584968,3404.18383934282,3814.13873379292,3753.15793323889,3388.38789091494,3533.19993700729,3562.30198502782,..,..
Energy use (kg of oil equivalent per capita),EG.USE.PCAP.KG.OE,Kenya,KEN,473.452722581552,460.259557885245,528.550711644325,531.502059654673,536.715469227383,544.61857620749,542.042029531549,532.999343083954,538.101489714657,539.846925409404,543.765743192359,..
Energy use (kg of oil equivalent per capita),EG.USE.PCAP.KG.OE,Kiribati,KIR,95.0191036002939,..,..,..,..,..,..,..,..,..,..,..
Energy use (kg of oil equivalent per capita),EG.USE.PCAP.KG.OE,"Korea, Dem. People's Rep.",PRK,1573.59529694869,833.135926035272,372.798087935995,409.40016933224,768.533125595482,700.51333125908,763.672802269615,726.927801005035,619.354172479083,640.514278027031,..,..
Energy use (kg of oil equivalent per capita),EG.USE.PCAP.KG.OE,"Korea, Rep.",KOR,2088.02162760717,3952.36285253717,5239.00345362778,5390.84042635905,5467.82224967457,5531.77957372505,5334.67385872126,5195.91011087811,5513.63338073625,5413.38272860248,5351.12233052729,..
Energy use (kg of oil equivalent per capita),EG.USE.PCAP.KG.OE,Kosovo,XKX,..,856.943688546918,..,..,..,..,..,..,..,..,..,..
Energy use (kg of oil equivalent per capita),EG.USE.PCAP.KG.OE,Kuwait,KWT,5364.14785725884,9493.79658571526,9731.54449633626,9684.89135568875,9526.71485045218,9772.0088330557,8352.78024104055,8871.9407246336,8570.59391176127,9129.59798629005,..,..
Energy use (kg of oil equivalent per capita),EG.USE.PCAP.KG.OE,Kyrgyz Republic,KGZ,1704.87425564025,473.380255464763,659.127758231911,624.353530620647,609.705646797986,707.081245914754,609.881986975567,562.289194470531,595.833222359916,645.014292407938,..,..
Energy use (kg of oil equivalent per capita),EG.USE.PCAP.KG.OE,Lao PDR,LAO,..,296.828433223862,602.339548780014,754.130255846522,811.84123029479,805.88201068311,782.690308446395,701.728790627854,727.414717441626,815.086540442856,..,..
Energy use (kg of oil equivalent per capita),EG.USE.PCAP.KG.OE,Latvia,LVA,2962.61535363742,1618.63984186997,2155.8522069549,2172.43884661611,2265.21693915892,2403.49981780927,2343.22877775395,2251.26939039077,2375.37908973973,2253.98397709054,2370.27306952548,..
Energy use (kg of oil equivalent per capita),EG.USE.PCAP.KG.OE,Lebanon,LBN,543.47917471359,1136.87014459546,1284.15018153506,1356.17702319106,1475.80821027467,1431.81356091147,1486.47574871806,1249.32146308929,972.806350423412,617.482998993413,..,..
Energy use (kg of oil equivalent per capita),EG.USE.PCAP.KG.OE,Lesotho,LSO,..,..,..,..,..,..,..,..,..,..,..,..
Energy use (kg of oil equivalent per capita),EG.USE.PCAP.KG.OE,Liberia,LBR,..,..,..,..,..,..,..,..,..,..,..,..
Energy use (kg of oil equivalent per capita),EG.USE.PCAP.KG.OE,Libya,LBY,2512.50761922772,2976.83650740397,3230.9775723301,3118.86767779323,3485.70959421231,3055.56390358683,3413.9338523206,1687.13966145733,2368.63038927902,2539.19813836223,..,..
Energy use (kg of oil equivalent per capita),EG.USE.PCAP.KG.OE,Liechtenstein,LIE,..,..,..,..,..,..,..,..,..,..,..,..
Energy use (kg of oil equivalent per capita),EG.USE.PCAP.KG.OE,Lithuania,LTU,4344.38252198852,2040.58088590544,2425.77105783362,2512.92612851896,2666.7550123295,2728.24923193277,2724.03467418319,2669.23622031747,2761.91142946898,2428.00261742472,2340.15471811017,..
Energy use (kg of oil equivalent per capita),EG.USE.PCAP.KG.OE,Luxembourg,LUX,8874.23375252759,7682.15555208276,6548.75962101678,6342.68337961913,6313.35371226953,6414.60050528088,6377.09810724871,5436.11880127401,5630.67678137135,4875.19867273903,4656.89108684896,..
Energy use (kg of oil equivalent per capita),EG.USE.PCAP.KG.OE,"Macao SAR, China",MAC,..,..,..,..,..,..,..,..,..,..,..,..
Energy use (kg of oil equivalent per capita),EG.USE.PCAP.KG.OE,Madagascar,MDG,224.501261378528,255.709986506438,275.43076854299,293.322517988217,299.453710205685,292.820905838727,313.77500218938,301.748644745329,308.953475191696,308.672539601401,..,..
Energy use (kg of oil equivalent per capita),EG.USE.PCAP.KG.OE,Malawi,MWI,..,..,..,..,..,..,..,..,..,..,..,..
Energy use (kg of oil equivalent per capita),EG.USE.PCAP.KG.OE,Malaysia,MYS,1188.82452987296,2102.39212549567,2706.92696275778,2759.17228283076,2617.76462271235,2839.45244829846,2878.2988852867,2722.6031659631,2793.49953523,2867.09651939173,..,..
Energy use (kg of oil equivalent per capita),EG.USE.PCAP.KG.OE,Maldives,MDV,226.448154047392,..,..,..,..,..,..,..,..,..,..,..
Energy use (kg of oil equivalent per capita),EG.USE.PCAP.KG.OE,Mali,MLI,..,..,..,..,..,..,..,..,..,..,..,..
Energy use (kg of oil equivalent per capita),EG.USE.PCAP.KG.OE,Malta,MLT,1961.64255614556,1731.67515154798,1446.16042952665,1309.21599360114,1448.44014456977,1405.58466702769,1440.05412913617,1337.138799396,1362.17923171488,1455.15479916534,..,..
Energy use (kg of oil equivalent per capita),EG.USE.PCAP.KG.OE,Marshall Islands,MHL,..,..,..,..,..,..,..,..,..,..,..,..
Energy use (kg of oil equivalent per capita),EG.USE.PCAP.KG.OE,Mauritania,MRT,..,..,..,..,..,..,..,..,..,..,..,..
Energy use (kg of oil equivalent per capita),EG.USE.PCAP.KG.OE,Mauritius,MUS,629.432901957499,851.243682124642,1136.14919149846,1135.89802652029,1156.15517897714,1142.14424076921,1163.15179238921,1025.83744169656,1072.42945671071,1095.73879704883,..,..
Energy use (kg of oil equivalent per capita),EG.USE.PCAP.KG.OE,Mexico,MEX,1493.46900672684,1529.24839823885,1527.09144608898,1512.67220353692,1464.26286767209,1482.97907989785,1458.64835451066,1349.95182163974,1398.80870495866,1419.79998134873,1400.94553221573,..
Energy use (kg of oil equivalent per capita),EG.USE.PCAP.KG.OE,"Micronesia, Fed. Sts.",FSM,..,..,..,..,..,..,..,..,..,..,..,..
Energy use (kg of oil equivalent per capita),EG.USE.PCAP.KG.OE,Moldova,MDA,3322.28579289929,985.928952009192,1307.96935412889,1356.23600802405,1397.5124083837,1495.69666017879,1500.14706391665,1461.57413573439,1611.56472824529,1422.60741631573,..,..
Energy use (kg of oil equivalent per capita),EG.USE.PCAP.KG.OE,Monaco,MCO,..,..,..,..,..,..,..,..,..,..,..,..
Energy use (kg of oil equivalent per capita),EG.USE.PCAP.KG.OE,Mongolia,MNG,1631.63734863248,979.255585329484,1516.3411002122,1588.34126525003,1603.82155065689,1772.47014509365,2018.31091722035,1771.64405621298,1923.6542624985,1890.63113929262,..,..
Energy use (kg of oil equivalent per capita),EG.USE.PCAP.KG.OE,Montenegro,MNE,..,..,1606.00091608654,1559.84079858818,1634.92196610791,1690.92639701234,1750.79216733451,1639.69026998819,1746.83817318646,1691.42829066974,..,..
Energy use (kg of oil equivalent per capita),EG.USE.PCAP.KG.OE,Morocco,MAR,312.552309355182,387.674326412744,563.603106638362,558.062023900473,577.582098917111,577.178572918036,614.502733565635,575.699296767116,616.368739013058,602.994477750907,..,..
Energy use (kg of oil equivalent per capita),EG.USE.PCAP.KG.OE,Mozambique,MOZ,443.813072808251,396.028040920619,385.146567058837,380.805586001126,371.739125451598,366.241452353018,359.75326082609,342.945651556548,353.107426981973,358.637694361749,..,..
Energy use (kg of oil equivalent per capita),EG.USE.PCAP.KG.OE,Myanmar,MMR,268.258896243736,283.525751035703,353.406826920047,376.137198590416,429.211582722245,429.032316766838,426.034236342975,420.352655494399,404.314368791505,399.521185214539,..,..
Energy use (kg of oil equivalent per capita),EG.USE.PCAP.KG.OE,Namibia,NAM,0,576.480242315529,716.980313790667,759.461668268778,714.96952269735,733.192598513029,718.386643363248,678.332492787498,680.918008419653,692.461356441068,..,..
Energy use (kg of oil equivalent per capita),EG.USE.PCAP.KG.OE,Nauru,NRU,..,..,..,..,..,..,..,..,..,..,..,..
Energy use (kg of oil equivalent per capita),EG.USE.PCAP.KG.OE,Nepal,NPL,296.559508082585,330.352852506274,426.325523071049,458.265548485248,484.157515782647,504.622833977068,482.761158642892,524.601266425712,524.354689003349,519.950604103483,..,..
Energy use (kg of oil equivalent per capita),EG.USE.PCAP.KG.OE,Netherlands,NLD,4488.69599340726,4695.37009641521,3997.17333668697,4211.57352732735,4125.20767936989,3876.41820572848,4130.00810728302,3978.35112789019,4053.34487073656,3575.78888461307,3398.51557987516,..
Energy use (kg of oil equivalent per capita),EG.USE.PCAP.KG.OE,New Caledonia,NCL,..,..,..,..,..,..,..,..,..,..,..,..
Energy use (kg of oil equivalent per capita),EG.USE.PCAP.KG.OE,New Zealand,NZL,3891.65022806096,4424.29255482435,4417.09457359418,4267.90424682451,4202.46417672783,4139.38956459193,4169.95041399552,3857.8712802171,3896.32877057817,3729.77107066095,3640.86458038634,..
Energy use (kg of oil equivalent per capita),EG.USE.PCAP.KG.OE,Nicaragua,NIC,484.754187000941,500.37663075991,611.876331871945,626.823007449197,632.373947264069,616.516996174416,616.151129278106,584.481071467124,600.815200012964,608.245546712747,..,..
Energy use (kg of oil equivalent per capita),EG.USE.PCAP.KG.OE,Niger,NER,174.699857397864,127.847880422107,148.786532469365,147.452096053348,143.831599652126,146.101584927786,148.122869205689,147.817388244639,151.688015717016,162.045865914287,..,..
Energy use (kg of oil equivalent per capita),EG.USE.PCAP.KG.OE,Nigeria,NGA,287.479974154751,273.941085543675,319.580854421005,330.71892495147,316.089005663683,299.750041448841,330.325537947057,323.130893205101,334.28545037693,333.060729584941,..,..
Energy use (kg of oil equivalent per capita),EG.USE.PCAP.KG.OE,North Macedonia,MKD,1200.33520705064,1316.52551296742,1387.97962391811,1408.22019004476,1438.49195928251,1370.12165061411,1503.51336885666,1388.54646388838,1455.08840227388,1480.63404956962,..,..
Energy use (kg of oil equivalent per capita),EG.USE.PCAP.KG.OE,Northern Mariana Islands,MNP,..,..,..,..,..,..,..,..,..,..,..,..
Energy use (kg of oil equivalent per capita),EG.USE.PCAP.KG.OE,Norway,NOR,4966.99576478242,5826.12232323722,4930.48137593923,5368.57647170474,5673.5093152418,5540.36818035325,5222.29201488645,5146.23281330464,5303.76102031244,4629.72978398676,4649.29560634166,..
Energy use (kg of oil equivalent per capita),EG.USE.PCAP.KG.OE,Oman,OMN,2390.49814598332,3286.26599451763,6027.44597600521,5557.31259783447,5765.1904185145,5543.48208572922,5104.14096385215,5696.16549726549,5933.45046971652,5867.32005628854,..,..
Energy use (kg of oil equivalent per capita),EG.USE.PCAP.KG.OE,Pakistan,PAK,370.756577158868,411.540523296893,437.113254936443,446.831497143007,456.017360937059,453.513978590289,431.515757251107,454.250317980901,465.029491365502,470.723496524025,..,..
Energy use (kg of oil equivalent per capita),EG.USE.PCAP.KG.OE,Palau,PLW,4814.38338030015,..,..,..,..,..,..,..,..,..,..,..
Energy use (kg of oil equivalent per capita),EG.USE.PCAP.KG.OE,Panama,PAN,602.060012202764,790.919387331221,1024.97759926054,1045.76582937315,1035.95086028489,1026.38990550231,1162.83608429865,936.065449427601,1033.31759264066,1062.69925631817,..,..
Energy use (kg of oil equivalent per capita),EG.USE.PCAP.KG.OE,Papua New Guinea,PNG,..,..,..,..,..,..,..,..,..,..,..,..
Energy use (kg of oil equivalent per capita),EG.USE.PCAP.KG.OE,Paraguay,PRY,761.478510309836,756.712974544407,925.193411629783,1072.60628446376,1116.33946333541,1130.48367815286,1105.56253694542,1056.5406299527,1094.06594460795,1044.98506765929,..,..
Energy use (kg of oil equivalent per capita),EG.USE.PCAP.KG.OE,Peru,PER,442.190103300007,506.00792489422,743.011209215106,764.054757957891,762.042756190787,783.890205846973,798.439603977568,666.666363333809,775.134628731113,826.705646687846,..,..
Energy use (kg of oil equivalent per capita),EG.USE.PCAP.KG.OE,Philippines,PHL,424.030763734864,487.402779547692,499.070776259238,520.980850770081,544.47519980766,554.498283533215,551.866549795025,518.156775784154,530.987980701231,550.793803994865,..,..
Energy use (kg of oil equivalent per capita),EG.USE.PCAP.KG.OE,Poland,POL,2705.72692194049,2321.77643337011,2498.7721796386,2614.96971779438,2734.42476025436,2865.52431560861,2761.07120390241,2684.34020478413,2920.57014228821,2803.44282148757,2656.73741625252,..
Energy use (kg of oil equivalent per capita),EG.USE.PCAP.KG.OE,Portugal,PRT,1680.88286201382,2390.18870122638,2121.0872664787,2111.0971132123,2210.06714740228,2140.97558921814,2115.18570481977,1957.30550192994,1940.99455698663,1948.548763792,1845.23596366242,..
Energy use (kg of oil equivalent per capita),EG.USE.PCAP.KG.OE,Puerto Rico,PRI,..,..,..,..,..,..,..,..,..,..,..,..
Energy use (kg of oil equivalent per capita),EG.USE.PCAP.KG.OE,Qatar,QAT,14843.3629157144,16938.7214410402,16427.7565434994,15178.8562114172,16718.237047918,16139.7708310186,15760.736902246,14869.2501075493,17100.7506118977,16683.663609726,..,..
Energy use (kg of oil equivalent per capita),EG.USE.PCAP.KG.OE,Romania,ROU,2671.36962946956,1615.33488235312,1598.69179785792,1604.62335040687,1693.37364201715,1717.11748022415,1705.25777604649,1669.6382293589,1787.01320453152,1655.78613654671,..,..
Energy use (kg of oil equivalent per capita),EG.USE.PCAP.KG.OE,Russian Federation,RUS,5942.67811987717,4224.98951887146,4785.19572494067,4917.54083897618,4999.07990773733,5259.90837585133,5065.14820867318,5044.85366917672,5681.39248037781,5601.08435085175,..,..
Energy use (kg of oil equivalent per capita),EG.USE.PCAP.KG.OE,Rwanda,RWA,814.513185667694,405.776823991798,350.169173195487,347.74298432412,352.157966903596,355.698420076335,357.419084978587,358.132557033915,365.508479917565,372.991402429343,..,..
Energy use (kg of oil equivalent per capita),EG.USE.PCAP.KG.OE,Samoa,WSM,255.773358100354,..,..,..,..,..,..,..,..,..,..,..
Energy use (kg of oil equivalent per capita),EG.USE.PCAP.KG.OE,San Marino,SMR,..,..,..,..,..,..,..,..,..,..,..,..
Energy use (kg of oil equivalent per capita),EG.USE.PCAP.KG.OE,Sao Tome and Principe,STP,190.727223938852,..,..,..,..,..,..,..,..,..,..,..
Energy use (kg of oil equivalent per capita),EG.USE.PCAP.KG.OE,Saudi Arabia,SAU,5451.71882279534,6516.00755562211,7786.91651664863,7521.58911581712,7707.05632967392,7650.66372475004,7668.22165933444,7170.88694947248,7465.87573152761,7529.60103058863,..,..
Energy use (kg of oil equivalent per capita),EG.USE.PCAP.KG.OE,Senegal,SEN,218.451849681138,240.56962512208,296.775621300382,287.042022425235,278.019674604295,274.380533481061,298.559525125339,280.607903309744,294.173427358174,315.965932815121,..,..
Energy use (kg of oil equivalent per capita),EG.USE.PCAP.KG.OE,Serbia,SRB,2474.74205425669,1801.4812028674,2080.79593994038,2166.13667526014,2225.14916142745,2200.60591762227,2201.91614384043,2291.82629172746,2355.54985028928,2441.19971197446,..,..
Energy use (kg of oil equivalent per capita),EG.USE.PCAP.KG.OE,Seychelles,SYC,540.808839397471,..,..,..,..,..,..,..,..,..,..,..
Energy use (kg of oil equivalent per capita),EG.USE.PCAP.KG.OE,Sierra Leone,SLE,..,..,..,..,..,..,..,..,..,..,..,..
Energy use (kg of oil equivalent per capita),EG.USE.PCAP.KG.OE,Singapore,SGP,3782.71772957552,4634.81368272521,5832.18748421598,5948.35980472719,6313.4270530557,5798.25693365327,6067.59648081936,6033.41181529317,6495.85092286805,6630.39044839924,..,..
Energy use (kg of oil equivalent per capita),EG.USE.PCAP.KG.OE,Sint Maarten (Dutch part),SXM,..,..,..,..,..,..,..,..,..,..,..,..
Energy use (kg of oil equivalent per capita),EG.USE.PCAP.KG.OE,Slovak Republic,SVK,4024.81924120157,3292.7785560313,3130.38319862266,3158.75002073697,3315.79843659555,3268.651650529,3127.38682636024,3031.36945174238,3304.60125420722,3087.74303383912,3204.15656213859,..
Energy use (kg of oil equivalent per capita),EG.USE.PCAP.KG.OE,Slovenia,SVN,2857.5644752183,3281.07859342385,3191.92171414285,3292.05071205777,3383.3924450401,3332.53122800988,3258.59326068265,3066.63817459004,3139.44820580304,3039.0350404997,2878.15443680197,..
Energy use (kg of oil equivalent per capita),EG.USE.PCAP.KG.OE,Solomon Islands,SLB,160.852052438638,..,..,..,..,..,..,..,..,..,..,..
Energy use (kg of oil equivalent per capita),EG.USE.PCAP.KG.OE,Somalia,SOM,..,..,..,..,..,..,..,..,..,..,..,..
Energy use (kg of oil equivalent per capita),EG.USE.PCAP.KG.OE,South Africa,ZAF,2201.82158103195,2246.95058979694,2242.74396883532,2298.05758827714,2269.79878522092,2173.18099748866,2220.83101457917,2007.32263602167,2031.53332797937,1976.6089166131,..,..
Energy use (kg of oil equivalent per capita),EG.USE.PCAP.KG.OE,South Sudan,SSD,..,..,76.3915617802014,70.8326893678568,69.9997248691173,76.5851681637923,75.7046918043061,72.108308743408,72.6949436429603,69.0433646121056,..,..
Energy use (kg of oil equivalent per capita),EG.USE.PCAP.KG.OE,Spain,ESP,2317.97017574877,2991.49306471374,2551.16315891178,2561.57771880624,2689.22672563157,2665.36385360165,2573.01236026464,2303.21008674593,2421.83064220479,2407.99572750082,2296.70804229267,..
Energy use (kg of oil equivalent per capita),EG.USE.PCAP.KG.OE,Sri Lanka,LKA,337.373525429123,431.62116957475,501.472734960701,542.532333545075,514.407499916205,508.499276672792,523.423393496303,511.066363818929,527.11680981294,473.920825625094,..,..
Energy use (kg of oil equivalent per capita),EG.USE.PCAP.KG.OE,St. Kitts and Nevis,KNA,534.251335575782,..,..,..,..,..,..,..,..,..,..,..
Energy use (kg of oil equivalent per capita),EG.USE.PCAP.KG.OE,St. Lucia,LCA,405.635549881399,..,..,..,..,..,..,..,..,..,..,..
Energy use (kg of oil equivalent per capita),EG.USE.PCAP.KG.OE,St. Martin (French part),MAF,..,..,..,..,..,..,..,..,..,..,..,..
Energy use (kg of oil equivalent per capita),EG.USE.PCAP.KG.OE,St. Vincent and the Grenadines,VCT,263.244571244589,..,..,..,..,..,..,..,..,..,..,..
Energy use (kg of oil equivalent per capita),EG.USE.PCAP.KG.OE,Sudan,SDN,482.757306781047,486.895648884188,463.361659242171,448.456631655364,443.093596413321,435.149435651597,435.397595484311,422.22104307002,426.11403674166,411.780538179181,..,..
Energy use (kg of oil equivalent per capita),EG.USE.PCAP.KG.OE,Suriname,SUR,..,1279.91009868174,1577.31172890225,1728.65071732658,1614.35693437148,1524.27787303497,1731.11308148176,1688.41378493841,1698.79712200522,1739.16840596848,..,..
Energy use (kg of oil equivalent per capita),EG.USE.PCAP.KG.OE,Sweden,SWE,5514.19827733048,5375.75151158851,4575.32694997706,4860.49282103176,4928.6064917555,4968.04508928872,4783.84149571001,4287.0073851624,4560.4777973156,4326.56277192962,4252.62777869973,..
Energy use (kg of oil equivalent per capita),EG.USE.PCAP.KG.OE,Switzerland,CHE,3617.21670838019,3466.50613217002,2923.00005538894,2814.41129043497,2803.65797229265,2800.07519567529,2850.88851765381,2687.91002178859,2617.78877900498,2591.24109964391,2515.37193120633,..
Energy use (kg of oil equivalent per capita),EG.USE.PCAP.KG.OE,Syrian Arab Republic,SYR,832.018331508502,928.43318140297,560.58265085038,530.409473294403,596.403223195594,556.886951170305,553.834989219194,509.57367220202,492.146135843866,454.532086054546,..,..
Energy use (kg of oil equivalent per capita),EG.USE.PCAP.KG.OE,Tajikistan,TJK,983.163633027559,341.873767516371,318.698277378179,326.569218788739,328.781768931872,347.711461590981,370.778875737531,375.367379182413,367.769041949913,375.197095148471,..,..
Energy use (kg of oil equivalent per capita),EG.USE.PCAP.KG.OE,Tanzania,TZA,296.922156099031,393.715575942908,419.719594250318,416.315699078634,406.2529829944,402.924862138835,414.545616952925,405.685641474926,404.468789265296,405.146314827946,..,..
Energy use (kg of oil equivalent per capita),EG.USE.PCAP.KG.OE,Thailand,THA,774.494770138849,1153.04552225626,1932.67390968815,1985.00530928348,1975.61488529478,1937.17674845065,1976.43445803045,1872.52037563351,1833.85960981538,1857.31058006839,..,..
Energy use (kg of oil equivalent per capita),EG.USE.PCAP.KG.OE,Timor-Leste,TLS,..,..,..,..,..,..,..,..,..,..,..,..
Energy use (kg of oil equivalent per capita),EG.USE.PCAP.KG.OE,Togo,TGO,315.953651491172,410.709755967091,400.729144636073,422.806732967677,403.914387052726,411.046357385599,414.030094273623,424.622212633086,422.533121281505,425.402321106605,..,..
Energy use (kg of oil equivalent per capita),EG.USE.PCAP.KG.OE,Tonga,TON,254.218294884654,..,..,..,..,..,..,..,..,..,..,..
Energy use (kg of oil equivalent per capita),EG.USE.PCAP.KG.OE,Trinidad and Tobago,TTO,4782.47609016258,7575.58896313876,14043.9759832685,12250.992693627,12330.86332127,12397.1007399961,12540.3004394116,10738.1172587056,11220.6527801603,11038.4068472239,..,..
Energy use (kg of oil equivalent per capita),EG.USE.PCAP.KG.OE,Tunisia,TUN,594.318071319607,748.273831151715,952.983955126789,955.176493865808,973.953481456321,973.074341333009,950.614263724593,896.515593998175,964.474882954034,956.041118887201,..,..
Energy use (kg of oil equivalent per capita),EG.USE.PCAP.KG.OE,Turkiye,TUR,918.261888219127,1166.01412005443,1646.83631130339,1724.54363987712,1828.02986770908,1771.33742856964,1774.19625722275,1762.01062220058,1894.62719281739,1841.55630679263,1852.74914470508,..
Energy use (kg of oil equivalent per capita),EG.USE.PCAP.KG.OE,Turkmenistan,TKM,4643.2261381727,3247.66275154073,3722.78312991377,3589.90954802381,3558.31901850361,3427.90624399814,3465.56523671972,3395.82680039957,5128.82417624964,5625.64523686666,..,..
Energy use (kg of oil equivalent per capita),EG.USE.PCAP.KG.OE,Turks and Caicos Islands,TCA,..,..,..,..,..,..,..,..,..,..,..,..
Energy use (kg of oil equivalent per capita),EG.USE.PCAP.KG.OE,Tuvalu,TUV,..,..,..,..,..,..,..,..,..,..,..,..
Energy use (kg of oil equivalent per capita),EG.USE.PCAP.KG.OE,Uganda,UGA,402.070944670397,386.584595406427,470.560471935976,473.604213435105,468.55301936099,468.502676315592,455.421313903164,475.325187025973,483.425019132137,482.821621536668,..,..
Energy use (kg of oil equivalent per capita),EG.USE.PCAP.KG.OE,Ukraine,UKR,4841.71904895513,2700.10061007166,2027.67298191168,2007.97794185628,1967.83535233788,2068.75608372619,1987.62473314258,1932.92182292303,1991.18242353159,1492.96963034755,..,..
Energy use (kg of oil equivalent per capita),EG.USE.PCAP.KG.OE,United Arab Emirates,ARE,10740.8429217188,8956.94929901911,10146.376786057,10355.5476088804,8521.13677246594,8482.30317231137,8816.50943614681,8154.35294132635,8674.22641438132,8335.80957162683,..,..
Energy use (kg of oil equivalent per capita),EG.USE.PCAP.KG.OE,United Kingdom,GBR,3597.3010525851,3786.40281086309,2773.59433176452,2696.79119386172,2655.25802044277,2625.36462199651,2508.23164972519,2306.44162022185,2371.51532800537,2257.13758782301,2151.22680827314,..
Energy use (kg of oil equivalent per capita),EG.USE.PCAP.KG.OE,United States,USA,7669.4512686363,8055.14548852416,6810.09469513722,6688.24952906236,6618.98872075179,6770.78896052358,6736.45790294089,6138.37529302315,6441.74287876041,6520.17669654785,6428.3633702355,..
Energy use (kg of oil equivalent per capita),EG.USE.PCAP.KG.OE,Uruguay,URY,724.623158851083,948.595701266831,1491.04897158511,1550.98299580242,1512.8381875657,1560.97897875852,1540.78251179675,1531.60055590501,1644.69693874435,1626.06034935571,..,..
Energy use (kg of oil equivalent per capita),EG.USE.PCAP.KG.OE,Uzbekistan,UZB,2315.79830531938,1866.70954311251,1165.60752398201,1209.61523440111,1253.44940769753,1272.07621933957,1285.18444128817,1351.37520056543,1465.19908492256,1381.80448771676,..,..
Energy use (kg of oil equivalent per capita),EG.USE.PCAP.KG.OE,Vanuatu,VUT,157.460297305877,..,..,..,..,..,..,..,..,..,..,..
Energy use (kg of oil equivalent per capita),EG.USE.PCAP.KG.OE,"Venezuela, RB",VEN,1997.56479057799,2391.36796026802,2090.86986204943,1901.6695815311,1798.71760054216,1384.67691686277,1396.90783852331,1104.64248743922,1317.36867421741,1478.06434305688,..,..
Energy use (kg of oil equivalent per capita),EG.USE.PCAP.KG.OE,Viet Nam,VNM,272.780251085134,372.486738202477,679.445923972947,738.879533385899,757.479979941312,885.646841787765,987.27147244039,991.281232485165,962.199524881189,1023.0571362687,..,..
Energy use (kg of oil equivalent per capita),EG.USE.PCAP.KG.OE,Virgin Islands (U.S.),VIR,..,..,..,..,..,..,..,..,..,..,..,..
Energy use (kg of oil equivalent per capita),EG.USE.PCAP.KG.OE,West Bank and Gaza,PSE,..,..,..,..,..,..,..,..,..,..,..,..
Energy use (kg of oil equivalent per capita),EG.USE.PCAP.KG.OE,"Yemen, Rep.",YEM,180.981566779694,241.884502378759,119.994093431265,83.3695325901369,71.9650301584181,93.9408794935562,92.6774709704908,77.587699828637,71.3420686631943,68.9495345137687,..,..
Energy use (kg of oil equivalent per capita),EG.USE.PCAP.KG.OE,Zambia,ZMB,698.494050151899,595.567896345718,686.58901801905,683.714230135287,702.724841881756,726.480224274828,741.616894830948,759.022718469978,769.932818962888,800.674873527651,..,..
Energy use (kg of oil equivalent per capita),EG.USE.PCAP.KG.OE,Zimbabwe,ZWE,917.216330393847,555.920693046092,453.579542968744,423.185508873165,416.196232814442,445.175095167118,412.165419523265,373.557246170741,405.518563648677,416.586875381392,..,..
Energy use (kg of oil equivalent per capita),EG.USE.PCAP.KG.OE,Africa Eastern and Southern,AFE,688.609464145615,632.698248798707,607.144577203608,605.778276109686,596.300319411783,583.76303920458,586.441491211765,563.976200963134,570.998887587248,565.488908602847,..,..
Energy use (kg of oil equivalent per capita),EG.USE.PCAP.KG.OE,Africa Western and Central,AFW,296.775482232088,285.657322343808,336.978667905031,343.896337502189,332.429748033803,325.467827141414,341.666132517863,336.566406948633,350.102510019168,351.913061564233,..,..
Energy use (kg of oil equivalent per capita),EG.USE.PCAP.KG.OE,Arab World,ARB,1094.35563243269,1309.71627148077,1837.73870796454,1837.82325274154,1845.21864394839,1813.67326733384,1794.73854105315,1677.18428545402,1743.19074449394,1779.76962058116,..,..
Energy use (kg of oil equivalent per capita),EG.USE.PCAP.KG.OE,Caribbean small states,CSS,866.744997608338,..,..,..,..,..,..,..,..,..,..,..
Energy use (kg of oil equivalent per capita),EG.USE.PCAP.KG.OE,Central Europe and the Baltics,CEB,3096.34900527424,2381.7789875388,2522.37782830162,2582.15720668092,2699.33954911948,2753.04242624112,2688.22692227163,2599.92726260747,2794.21002118799,2678.53495589746,2800.40202941074,..
Energy use (kg of oil equivalent per capita),EG.USE.PCAP.KG.OE,Early-demographic dividend,EAR,589.389896961004,671.709164904242,859.184158592719,869.207956151565,889.678917208633,892.364928805499,898.694540992833,854.979648433513,902.597185412083,931.880929908298,..,..
Energy use (kg of oil equivalent per capita),EG.USE.PCAP.KG.OE,East Asia & Pacific,EAS,1007.05900163665,1195.62463906882,1999.85221474448,1993.23622599354,2044.46785574261,2113.28159548458,2169.82448263637,2178.60913327642,2288.60422162219,2329.23088193737,..,..
Energy use (kg of oil equivalent per capita),EG.USE.PCAP.KG.OE,East Asia & Pacific (excluding high income),EAP,703.304111149224,821.87830339423,1740.92292705782,1732.99191158121,1786.53297433195,1866.81908127128,1940.31837233098,1970.57837416047,2075.91043919586,2131.56077489142,..,..
Energy use (kg of oil equivalent per capita),EG.USE.PCAP.KG.OE,East Asia & Pacific (IDA & IBRD countries),TEA,691.589918119229,821.729218697574,1758.26106683647,1749.72167075636,1799.36299705497,1881.48917887623,1955.09887190568,1986.19033114278,2094.20667261038,2150.31706751494,..,..
Energy use (kg of oil equivalent per capita),EG.USE.PCAP.KG.OE,Euro area,EMU,3494.77662134082,3668.04898234556,3290.83654422737,3298.81673345742,3325.93473563698,3259.37324117576,3223.14727517834,2977.38422795759,3146.67123983472,2938.60245854823,2827.0191189371,..
Energy use (kg of oil equivalent per capita),EG.USE.PCAP.KG.OE,Europe & Central Asia,ECS,3748.9876163951,3177.56850645928,3037.89033874197,3077.56287610455,3119.61171862299,3148.51006462424,3079.26981769966,2938.89391871999,3168.31999043973,3026.99133966995,..,..
Energy use (kg of oil equivalent per capita),EG.USE.PCAP.KG.OE,Europe & Central Asia (excluding high income),ECA,2841.89032896015,1739.58201579035,1764.66985118583,1816.69130304367,1854.47492210664,1895.6527778419,1880.59249833249,1838.33885923556,1989.61891795005,1899.43486941667,..,..
Energy use (kg of oil equivalent per capita),EG.USE.PCAP.KG.OE,Europe & Central Asia (IDA & IBRD countries),TEC,3889.58752837843,2627.77434172278,2800.23436627497,2876.6646025788,2935.79127687365,3048.14691622329,2964.84662781301,2920.93857912671,3225.74395032687,3139.70240894666,..,..
Energy use (kg of oil equivalent per capita),EG.USE.PCAP.KG.OE,European Union,EUU,3426.51135871146,3426.83225220192,3158.89225525243,3182.20136668899,3228.26208038099,3190.6056597075,3146.50422886702,2927.6035104921,3106.22407388264,2917.48135194194,2853.64634866238,..
Energy use (kg of oil equivalent per capita),EG.USE.PCAP.KG.OE,Fragile and conflict affected situations,FCS,1018.82598500498,704.769649916142,569.341308263123,560.782818228885,557.905319488635,540.996219877218,542.938345185775,499.198744560237,520.307482284211,499.294728934483,..,..
Energy use (kg of oil equivalent per capita),EG.USE.PCAP.KG.OE,Heavily indebted poor countries (HIPC),HPC,366.831927819985,352.438705088556,392.044750068991,392.011720656837,387.139623860052,387.48325641853,388.902391742687,388.246103651277,398.512148598139,400.784696544082,..,..
Energy use (kg of oil equivalent per capita),EG.USE.PCAP.KG.OE,High income,HIC,4720.18285812141,4892.43318146997,4676.69288714313,4674.01563875479,4691.85817002644,4736.09647610277,4670.21985476248,4384.83581545176,4632.59010628621,4567.76110164522,4229.73313452626,..
Energy use (kg of oil equivalent per capita),EG.USE.PCAP.KG.OE,IBRD only,IBD,1060.15961008837,985.903246403971,1499.62222971386,1501.93278962471,1535.63073425476,1578.67260921747,1606.1883382551,1580.71607595404,1683.05944927761,1708.66993797115,..,..
Energy use (kg of oil equivalent per capita),EG.USE.PCAP.KG.OE,IDA & IBRD total,IBT,936.158196685722,859.595662031642,1236.31901555793,1237.52761564583,1261.11221186269,1290.8368459233,1309.31138590806,1287.58873003956,1363.43110755336,1378.39353473285,..,..
Energy use (kg of oil equivalent per capita),EG.USE.PCAP.KG.OE,IDA blend,IDB,515.268118746164,472.527708448805,447.878512759969,457.631176121797,457.857191643359,453.033078142731,455.11874103728,463.365571444159,479.377793132714,477.193842741188,..,..
Energy use (kg of oil equivalent per capita),EG.USE.PCAP.KG.OE,IDA only,IDX,321.90039083496,314.612632652609,354.308522520337,360.0792729056,362.407293682837,363.920771805608,367.249966174505,367.061762729617,375.375606801886,375.723206580378,..,..
Energy use (kg of oil equivalent per capita),EG.USE.PCAP.KG.OE,IDA total,IDA,391.498280432589,371.079065213519,388.442334059257,395.607423036127,397.114170446156,396.273476048527,399.089975953126,401.898631399884,412.945994780856,412.318533778479,..,..
Energy use (kg of oil equivalent per capita),EG.USE.PCAP.KG.OE,Late-demographic dividend,LTE,1360.68620965411,1243.61073356775,2185.13657736328,2184.37524828093,2232.7119600604,2315.35097373779,2365.43354742232,2381.48508185718,2534.42220158843,2562.87012953235,..,..
Energy use (kg of oil equivalent per capita),EG.USE.PCAP.KG.OE,Latin America & Caribbean,LCN,1054.41825922107,1172.77391739814,1384.89847213654,1352.26938392709,1333.8936721064,1300.4757657668,1309.57393203776,1213.97189036518,1283.36774083658,1296.75158355186,..,..
Energy use (kg of oil equivalent per capita),EG.USE.PCAP.KG.OE,Latin America & Caribbean (excluding high income),LAC,997.760870985783,1075.40453139352,1294.26147141349,1270.09386564737,1256.89379955219,1242.51923055976,1249.02969552229,1171.76037190538,1232.32119086646,1237.02170245259,1354.58614737524,..
Energy use (kg of oil equivalent per capita),EG.USE.PCAP.KG.OE,Latin America & the Caribbean (IDA & IBRD countries),TLA,1035.95772393616,1169.47348467002,1388.90800856782,1356.50552517374,1339.00268465718,1305.99966924692,1316.3761422765,1219.41357672756,1290.60329716878,1304.06535112278,..,..
Energy use (kg of oil equivalent per capita),EG.USE.PCAP.KG.OE,Least developed countries: UN classification,LDC,284.621748383207,287.375812574666,344.067149268728,348.934115885526,351.852893124132,351.8315982324,355.663489080734,356.282674193259,363.08354431143,365.276380642805,..,..
Energy use (kg of oil equivalent per capita),EG.USE.PCAP.KG.OE,Low & middle income,LMY,717.13233368366,726.053529352046,1123.86307024457,1123.45382191405,1148.02021241609,1174.75867236734,1200.27768773653,1182.6432883098,1244.20774003948,1263.17480101188,..,..
Energy use (kg of oil equivalent per capita),EG.USE.PCAP.KG.OE,Low income,LIC,488.165077590505,396.663995526015,348.407659743936,346.28292436754,363.074828117631,358.934963645393,360.530684739439,358.558560227543,358.410690941437,357.979122120712,..,..
Energy use (kg of oil equivalent per capita),EG.USE.PCAP.KG.OE,Lower middle income,LMC,363.067809585332,400.870456752009,549.288794767929,560.376356524052,575.364768378502,589.012891199084,590.190363157578,566.971590115183,599.146225373492,618.939418237809,..,..
Energy use (kg of oil equivalent per capita),EG.USE.PCAP.KG.OE,Middle East & North Africa,MEA,1197.26381405242,1528.21078449187,2147.37044354165,2171.445620292,2210.16130360111,2163.5002407622,2197.58131072563,2105.16244387357,2179.82018537125,2201.197536411,..,..
Energy use (kg of oil equivalent per capita),EG.USE.PCAP.KG.OE,Middle East & North Africa (excluding high income),MNA,810.041518295989,993.301156826558,1276.9191482166,1315.91517933715,1382.16561880286,1354.57752207002,1416.55946504066,1343.92648428804,1411.77659259487,1411.94842001141,..,..
Energy use (kg of oil equivalent per capita),EG.USE.PCAP.KG.OE,Middle East & North Africa (IDA & IBRD countries),TMN,810.041518295989,993.301156826558,1276.9191482166,1315.91517933715,1382.16561880286,1354.57752207002,1416.55946504066,1343.92648428804,1411.77659259487,1411.94842001141,..,..
Energy use (kg of oil equivalent per capita),EG.USE.PCAP.KG.OE,Middle income,MIC,731.288854203886,749.04840414911,1192.21229395228,1192.95830850367,1219.31639524759,1250.11795693193,1279.26462456013,1261.59362055474,1330.68100968659,1353.31349105136,..,..
Energy use (kg of oil equivalent per capita),EG.USE.PCAP.KG.OE,North America,NAC,7666.42916549412,8071.38952437328,6897.42874973344,6813.74326307225,6775.33564068096,6912.1416368343,6878.32642091377,6277.01202368621,6561.54406566024,6636.458287884,6533.94177164651,..
Energy use (kg of oil equivalent per capita),EG.USE.PCAP.KG.OE,Not classified,INX,..,..,..,..,..,..,..,..,..,..,..,..
Energy use (kg of oil equivalent per capita),EG.USE.PCAP.KG.OE,OECD members,OED,4126.72688078734,4436.68162146549,3982.89736357803,3970.59009468266,3976.90735265459,3990.53917169315,3944.33914912299,3659.15791260326,3831.40496676297,3764.7821762946,3681.14915103176,..
Energy use (kg of oil equivalent per capita),EG.USE.PCAP.KG.OE,Other small states,OSS,3007.17781341183,..,..,..,..,..,..,..,..,..,..,..
Energy use (kg of oil equivalent per capita),EG.USE.PCAP.KG.OE,Pacific island small states,PSS,317.428244615833,..,..,..,..,..,..,..,..,..,..,..
Energy use (kg of oil equivalent per capita),EG.USE.PCAP.KG.OE,Post-demographic dividend,PST,4741.17174041646,5035.69336380914,4517.78073770771,4496.39654928293,4506.34392494628,4532.64567590619,4484.40018515647,4158.549151578,4354.16909029319,4274.63563753984,4367.23176125116,..
Energy use (kg of oil equivalent per capita),EG.USE.PCAP.KG.OE,Pre-demographic dividend,PRE,383.555739030508,373.339751311609,408.936318086843,413.844607562852,412.524612213282,410.784517398279,420.965061868017,411.176906574484,429.630318186447,437.364499540395,..,..
Energy use (kg of oil equivalent per capita),EG.USE.PCAP.KG.OE,Small states,SST,2271.04328983079,..,..,..,..,..,..,..,..,..,..,..
Energy use (kg of oil equivalent per capita),EG.USE.PCAP.KG.OE,South Asia,SAS,307.583208172134,371.142844588125,559.032310311028,566.08030420427,584.945403751245,602.461948167931,596.363731115075,568.704643357545,610.006060851572,638.092097740621,..,..
Energy use (kg of oil equivalent per capita),EG.USE.PCAP.KG.OE,South Asia (IDA & IBRD),TSA,307.583208172134,371.142844588125,559.032310311028,566.08030420427,584.945403751245,602.461948167931,596.363731115075,568.704643357545,610.006060851572,638.092097740622,..,..
Energy use (kg of oil equivalent per capita),EG.USE.PCAP.KG.OE,Sub-Saharan Africa,SSF,534.204957901739,497.000484221592,501.137891861718,502.994219907796,492.732886702195,482.503843513506,490.639915170043,475.140647940027,484.863995097743,482.340929994243,..,..
Energy use (kg of oil equivalent per capita),EG.USE.PCAP.KG.OE,Sub-Saharan Africa (excluding high income),SSA,534.203967772372,497.000484221592,501.137891861718,502.994219907796,492.732886702195,482.503843513506,490.639915170043,475.140647940027,484.863995097744,482.340929994243,..,..
Energy use (kg of oil equivalent per capita),EG.USE.PCAP.KG.OE,Sub-Saharan Africa (IDA & IBRD countries),TSS,534.204957901738,497.000484221592,501.137891861718,502.994219907796,492.732886702195,482.503843513506,490.639915170043,475.140647940027,484.863995097744,482.340929994243,..,..
Energy use (kg of oil equivalent per capita),EG.USE.PCAP.KG.OE,Upper middle income,UMC,1027.15908549123,1057.82484821391,1843.82430059715,1838.4625505717,1880.67617907647,1933.55164771507,1996.56394666477,1990.43685993695,2104.80569616684,2137.90107528386,..,..
Energy use (kg of oil equivalent per capita),EG.USE.PCAP.KG.OE,World,WLD,1625.13116936638,1590.00534847139,1788.4646499863,1783.26849590848,1801.69219583181,1825.12794647644,1829.49199211111,1759.22484856563,1849.05045845053,1851.19136138812,..,..
,,,,,,,,,,,,,,,
,,,,,,,,,,,,,,,
,,,,,,,,,,,,,,,
Data from database: World Development Indicators,,,,,,,,,,,,,,,
Last Updated: 04/15/2025,,,,,,,,,,,,,,,
