Country Name,Country Code,Year,Electric Power Consumption,Energy use
Austria,AUT,1960,1814.676016691784,1546.261468010322
Austria,AUT,1961,1882.22371085386,1554.0349059502
Austria,AUT,1962,2006.770395620449,1675.87362115182
Austria,AUT,1963,2124.359183930569,1823.995225069334
Austria,AUT,1964,2232.896504208795,1855.085155308126
Austria,AUT,1965,2305.357707977663,1851.843564108873
Austria,AUT,1966,2375.012735476572,1902.756407822601
Austria,AUT,1967,2448.692544040272,1920.212124227226
Austria,AUT,1968,2608.624237954431,2045.828122895007
Austria,AUT,1969,2814.65464238606,2181.632308859429
Austria,AUT,1970,3019.116158565738,2418.210129091857
Austria,AUT,1971,3213.126836381982,2508.520919055602
Austria,AUT,1972,3404.469207540998,2627.322495781859
Austria,AUT,1973,3620.562039990166,2830.946802151035
Austria,AUT,1974,3769.029711392416,2730.437326408948
Austria,AUT,1975,3734.445473177318,2654.848729426937
Austria,AUT,1976,4068.190905455999,2866.975920375652
Austria,AUT,1977,4137.714162646678,2797.421922380203
Austria,AUT,1978,4335.053928663285,2893.022299417968
Austria,AUT,1979,4541.537931696785,3138.916142620133
Austria,AUT,1980,4684.457759940382,3067.011919968029
Austria,AUT,1981,4697.365865517373,2897.009397902681
Austria,AUT,1982,4730.570071321628,2830.221780954669
Austria,AUT,1983,4827.484061566456,2843.405568169946
Austria,AUT,1984,5070.995792597013,2953.688149628761
Austria,AUT,1985,5280.777159505274,3051.597061990209
Austria,AUT,1986,5321.41297372161,3061.58886225966
Austria,AUT,1987,5536.14415362107,3174.745392025386
Austria,AUT,1988,5716.834247006421,3204.562182437464
Austria,AUT,1989,5896.135567808512,3138.983488169341
Austria,AUT,1990,6111.476520119565,3240.111359299804
Austria,AUT,1991,6347.220096323726,3415.17308238117
Austria,AUT,1992,6227.498048964705,3245.592075920685
Austria,AUT,1993,6137.269463431961,3255.784704400015
Austria,AUT,1994,6205.804903606524,3234.492985109344
Austria,AUT,1995,6344.393087408367,3373.603565451536
Austria,AUT,1996,6607.222977410402,3580.420798196561
Austria,AUT,1997,6620.447861651314,3550.404170862073
Austria,AUT,1998,6706.708676887404,3606.610379188919
Austria,AUT,1999,6972.189816128575,3591.809466182802
Austria,AUT,2000,7076.269483394382,3570.498826321845
Austria,AUT,2001,7333.231952628435,3758.457569252948
Austria,AUT,2002,7427.656445091207,3773.651728164355
Austria,AUT,2003,7695.080037082172,3973.624326672801
Austria,AUT,2004,7808.157792139615,4007.569904231124
Austria,AUT,2005,7977.681597417739,4085.567650956285
Austria,AUT,2006,8244.401951904792,4078.812225612407
Austria,AUT,2007,8207.474738975541,4019.590169932157
Austria,AUT,2008,8233.014832909852,4032.148426196443
Austria,AUT,2009,7944.796096231681,3798.151168305482
Austria,AUT,2010,8382.711154453378,4051.196020185082
Austria,AUT,2011,8425.16775320399,3921.900514595294
Austria,AUT,2012,8548.882199281114,3886.767732017745
Austria,AUT,2013,8509.611580336052,3919.04441873374
Austria,AUT,2014,8355.841951821338,3763.327902558705
Austria,AUT,2015,8318.46625689498,3795.51037374619
Austria,AUT,2016,8255.77897660756,3797.16802222945
Austria,AUT,2017,8458.13489776604,3839.94805232106
Austria,AUT,2018,8396.45084265961,3717.62532112148
Austria,AUT,2019,8339.93999945946,3765.98011899602
Austria,AUT,2020,8025.46724947246,3546.32771195638
Austria,AUT,2021,8381.61025757953,3726.61916635312
Austria,AUT,2022,8260.47675415134,3465.29053401054
Belgium,BEL,1960,1576.33881463123,2519.497319546678
Belgium,BEL,1961,1627.513570416557,2570.815623084974
Belgium,BEL,1962,1753.143891847127,2810.061148010461
Belgium,BEL,1963,1880.993824389624,3043.306992530493
Belgium,BEL,1964,2062.994975641688,3021.647211971107
Belgium,BEL,1965,2163.960333769141,3116.033562888466
Belgium,BEL,1966,2255.188418489166,3051.297428673775
Belgium,BEL,1967,2357.584930410643,3182.923457500377
Belgium,BEL,1968,2596.17771778388,3590.004258346922
Belgium,BEL,1969,2830.59396858729,3877.044363941567
Belgium,BEL,1970,3031.521045566648,4135.199769583273
Belgium,BEL,1971,3217.045263999507,4099.955319677268
Belgium,BEL,1972,3612.355532809569,4473.929512728456
Belgium,BEL,1973,3941.603741433751,4720.784112045922
Belgium,BEL,1974,4134.390881111422,4617.498594769627
Belgium,BEL,1975,3887.477425081882,4317.935657657106
Belgium,BEL,1976,4247.406379991011,4622.233118056855
Belgium,BEL,1977,4404.82432074193,4589.524409996055
Belgium,BEL,1978,4623.389684918006,4826.564957242894
Belgium,BEL,1979,4906.085080777736,4976.77709901992
Belgium,BEL,1980,4893.885351429653,4743.422060235463
Belgium,BEL,1981,4910.953280977691,4415.358603961342
Belgium,BEL,1982,4904.070014893008,4208.257802139403
Belgium,BEL,1983,5043.97535594266,4156.257407016576
Belgium,BEL,1984,5285.543762325765,4334.902426818591
Belgium,BEL,1985,5502.668409223977,4474.062993365596
Belgium,BEL,1986,5617.419821872691,4633.920016613561
Belgium,BEL,1987,5876.962998040371,4727.686395276951
Belgium,BEL,1988,6057.062732082203,4770.948398168227
Belgium,BEL,1989,6205.763770016333,4798.926451470597
Belgium,BEL,1990,6380.31321975416,4809.867268014991
Belgium,BEL,1991,6655.414381108635,5006.004706288759
Belgium,BEL,1992,6850.663772535982,5040.670440425129
Belgium,BEL,1993,6881.072143071405,4902.26997439133
Belgium,BEL,1994,7176.240506868448,5186.18662673891
Belgium,BEL,1995,7379.737079047839,5267.67067078591
Belgium,BEL,1996,7527.688544938645,5536.471274891483
Belgium,BEL,1997,7701.612130932906,5523.45916437528
Belgium,BEL,1998,7913.058580371592,5603.160264110348
Belgium,BEL,1999,7944.129807315738,5612.714675586831
Belgium,BEL,2000,8247.67711254725,5669.358175832215
Belgium,BEL,2001,8267.18721595245,5634.215486794918
Belgium,BEL,2002,8311.892679466378,5390.719733353592
Belgium,BEL,2003,8411.900657017408,5590.025975958481
Belgium,BEL,2004,8576.223496534016,5592.988749692093
Belgium,BEL,2005,8509.99707308703,5555.615784029515
Belgium,BEL,2006,8683.671285001325,5470.491824104722
Belgium,BEL,2007,8614.679503468007,5336.963211835456
Belgium,BEL,2008,8521.496739534265,5454.667159291625
Belgium,BEL,2009,7903.955478876335,5196.581982686414
Belgium,BEL,2010,8393.94962326946,5539.472222971761
Belgium,BEL,2011,8028.79873139472,5092.316146814391
Belgium,BEL,2012,7988.52464388906,4845.488295057537
Belgium,BEL,2013,7989.671852635181,4997.463306069937
Belgium,BEL,2014,7709.123077882466,4708.221217895492
Belgium,BEL,2015,7700.14997078284,4661.53453241131
Belgium,BEL,2016,7754.10182411351,4904.12819808335
Belgium,BEL,2017,7801.64987598414,4863.48372195372
Belgium,BEL,2018,7748.27877771471,4660.13377266864
Belgium,BEL,2019,7673.44011391786,4773.932613509
Belgium,BEL,2020,7420.741711909,4358.9412773027
Belgium,BEL,2021,7680.00193333532,4793.0468713018
Belgium,BEL,2022,7282.40331295413,4333.0426748
Bulgaria,BGR,1960,,
Bulgaria,BGR,1961,,
Bulgaria,BGR,1962,,
Bulgaria,BGR,1963,,
Bulgaria,BGR,1964,,
Bulgaria,BGR,1965,,
Bulgaria,BGR,1966,,
Bulgaria,BGR,1967,,
Bulgaria,BGR,1968,,
Bulgaria,BGR,1969,,
Bulgaria,BGR,1970,,
Bulgaria,BGR,1971,2292.653983326685,2228.687051149812
Bulgaria,BGR,1972,2486.066089876635,2262.786548821156
Bulgaria,BGR,1973,2683.109678995407,2378.253738820715
Bulgaria,BGR,1974,2842.231221219197,2463.244051991388
Bulgaria,BGR,1975,3035.636187838145,2665.459429943002
Bulgaria,BGR,1976,3247.551349251176,2780.331763105036
Bulgaria,BGR,1977,3437.797692301489,2954.266738889912
Bulgaria,BGR,1978,3648.387026505009,3084.452041925874
Bulgaria,BGR,1979,3772.289410533042,3200.498983677659
Bulgaria,BGR,1980,3973.690788334075,3203.610096896305
Bulgaria,BGR,1981,4125.353428596204,3185.509537215628
Bulgaria,BGR,1982,4397.89056454099,3309.206425105274
Bulgaria,BGR,1983,4582.125337453961,3370.13232378846
Bulgaria,BGR,1984,4772.294599549878,3387.274223303836
Bulgaria,BGR,1985,4678.285823398951,3419.767677129532
Bulgaria,BGR,1986,4646.26093875636,3450.941715669415
Bulgaria,BGR,1987,4838.620324969717,3411.073394788905
Bulgaria,BGR,1988,4940.518486666846,3488.292753750342
Bulgaria,BGR,1989,4963.178885773212,3426.942205067223
Bulgaria,BGR,1990,4758.731902555651,3237.352650273465
Bulgaria,BGR,1991,4361.14451575101,2536.644005056782
Bulgaria,BGR,1992,3735.525453609556,2396.007266370997
Bulgaria,BGR,1993,3807.696906382,2590.011251945012
Bulgaria,BGR,1994,3825.38661571836,2519.859145238087
Bulgaria,BGR,1995,4211.125131408065,2746.667734149632
Bulgaria,BGR,1996,4350.443259252315,2745.710002814838
Bulgaria,BGR,1997,3970.131139446886,2504.122680420805
Bulgaria,BGR,1998,3932.40178442314,2425.946245912151
Bulgaria,BGR,1999,3613.367266604828,2230.660300605654
Bulgaria,BGR,2000,3673.606871434285,2277.36796728392
Bulgaria,BGR,2001,3859.090024874075,2421.145361138559
Bulgaria,BGR,2002,3853.819004101103,2410.969354846736
Bulgaria,BGR,2003,3997.902596250936,2490.416673150853
Bulgaria,BGR,2004,3971.822736190627,2440.698159614144
Bulgaria,BGR,2005,4165.180392355528,2597.896166744049
Bulgaria,BGR,2006,4366.912765151844,2691.460437820072
Bulgaria,BGR,2007,4523.32287831241,2666.111445239431
Bulgaria,BGR,2008,4674.503150524901,2648.867056270879
Bulgaria,BGR,2009,4483.747138637505,2351.655053306204
Bulgaria,BGR,2010,4560.414917033766,2416.703907283237
Bulgaria,BGR,2011,4863.691441100615,2617.127869088043
Bulgaria,BGR,2012,4761.912583384798,2513.352380983667
Bulgaria,BGR,2013,4639.706322611549,2329.122801222004
Bulgaria,BGR,2014,4708.92745757231,2477.65540069696
Bulgaria,BGR,2015,4857.48728300161,2566.46526638593
Bulgaria,BGR,2016,4956.63331660078,2521.31461755681
Bulgaria,BGR,2017,5180.50799419498,2627.07813312518
Bulgaria,BGR,2018,5114.4214614101,2640.81252169616
Bulgaria,BGR,2019,5117.72120633147,2628.47684344995
Bulgaria,BGR,2020,5011.67072756549,2517.25256562329
Bulgaria,BGR,2021,5261.46440772794,2760.96448580193
Bulgaria,BGR,2022,5387.96542212904,2888.48505138988
Croatia,HRV,1960,,
Croatia,HRV,1961,,
Croatia,HRV,1962,,
Croatia,HRV,1963,,
Croatia,HRV,1964,,
Croatia,HRV,1965,,
Croatia,HRV,1966,,
Croatia,HRV,1967,,
Croatia,HRV,1968,,
Croatia,HRV,1969,,
Croatia,HRV,1970,,
Croatia,HRV,1971,,
Croatia,HRV,1972,,
Croatia,HRV,1973,,
Croatia,HRV,1974,,
Croatia,HRV,1975,,
Croatia,HRV,1976,,
Croatia,HRV,1977,,
Croatia,HRV,1978,,
Croatia,HRV,1979,,
Croatia,HRV,1980,,
Croatia,HRV,1981,,
Croatia,HRV,1982,,
Croatia,HRV,1983,,
Croatia,HRV,1984,,
Croatia,HRV,1985,,
Croatia,HRV,1986,,
Croatia,HRV,1987,,
Croatia,HRV,1988,,
Croatia,HRV,1989,,
Croatia,HRV,1990,2966.277665861202,1981.189223857153
Croatia,HRV,1991,2608.859587351051,1742.372289999919
Croatia,HRV,1992,2227.798395827806,1634.565011108396
Croatia,HRV,1993,2218.254988682661,1680.348912707264
Croatia,HRV,1994,2203.127068991906,1629.122721636862
Croatia,HRV,1995,2314.70358417586,1692.158925374943
Croatia,HRV,1996,2405.039875166142,1770.797505517218
Croatia,HRV,1997,2609.968863838833,1881.927354837572
Croatia,HRV,1998,2631.43088191327,1945.437415257931
Croatia,HRV,1999,2778.887633883548,1930.369363805365
Croatia,HRV,2000,2828.815062186934,1876.805775437739
Croatia,HRV,2001,2993.272463149257,2024.546927395351
Croatia,HRV,2002,3191.40973842527,2081.598280311303
Croatia,HRV,2003,3257.889867985748,2232.493431355075
Croatia,HRV,2004,3429.354643869349,2230.903219811365
Croatia,HRV,2005,3582.246072927941,2261.483778387966
Croatia,HRV,2006,3744.4687147934,2248.380075984207
Croatia,HRV,2007,3846.674076966427,2338.447693004784
Croatia,HRV,2008,3990.296319585679,2280.070677691397
Croatia,HRV,2009,3818.422500703222,2207.103023078472
Croatia,HRV,2010,3922.310866882384,2185.446988157405
Croatia,HRV,2011,3900.601361204049,2140.436132879754
Croatia,HRV,2012,3825.725852790181,2024.162701437998
Croatia,HRV,2013,3773.569754001137,1994.067202938552
Croatia,HRV,2014,3746.90772415638,1914.45897489479
Croatia,HRV,2015,3947.75665536614,2018.54259233172
Croatia,HRV,2016,4028.61840911819,2057.18869470229
Croatia,HRV,2017,4249.01525632039,2159.96952184034
Croatia,HRV,2018,4310.8473152785,2127.63878608554
Croatia,HRV,2019,4363.71186436386,2173.19836034448
Croatia,HRV,2020,4164.06290317883,2104.84530641676
Croatia,HRV,2021,4506.59593331341,2212.49721053261
Croatia,HRV,2022,4475.52041281852,2154.95483266747
Cyprus,CYP,1960,,
Cyprus,CYP,1961,,
Cyprus,CYP,1962,,
Cyprus,CYP,1963,,
Cyprus,CYP,1964,,
Cyprus,CYP,1965,,
Cyprus,CYP,1966,,
Cyprus,CYP,1967,,
Cyprus,CYP,1968,,
Cyprus,CYP,1969,,
Cyprus,CYP,1970,,
Cyprus,CYP,1971,940.295084473664,897.8227964222918
Cyprus,CYP,1972,1077.053170423999,1129.208562572705
Cyprus,CYP,1973,1162.272106820915,1174.210173034386
Cyprus,CYP,1974,1010.171065685243,895.586004758358
Cyprus,CYP,1975,1014.550996731902,856.461506964612
Cyprus,CYP,1976,1131.365251226527,991.6605239625878
Cyprus,CYP,1977,1214.208942873718,1071.833200669764
Cyprus,CYP,1978,1286.725603161924,1125.191707239431
Cyprus,CYP,1979,1363.73900633017,1212.588314645878
Cyprus,CYP,1980,1420.046964027429,1265.816688040569
Cyprus,CYP,1981,1437.088198022044,1232.602160277431
Cyprus,CYP,1982,1526.209014539905,1239.234339846403
Cyprus,CYP,1983,1624.659761744848,1266.52196967019
Cyprus,CYP,1984,1633.455390680824,1287.33244918216
Cyprus,CYP,1985,1699.766299227242,1257.471519000324
Cyprus,CYP,1986,1795.17026530571,1399.951554625524
Cyprus,CYP,1987,1869.406519737409,1567.5020038819
Cyprus,CYP,1988,2009.827272312019,1578.43742454991
Cyprus,CYP,1989,2217.591520670937,1619.023179233876
Cyprus,CYP,1990,2363.160571877248,1731.604323454908
Cyprus,CYP,1991,2431.960187447431,1743.684163095286
Cyprus,CYP,1992,2803.757924133174,1935.275396407191
Cyprus,CYP,1993,2978.085647806265,2038.349511037076
Cyprus,CYP,1994,3030.780177276963,2277.760348160873
Cyprus,CYP,1995,2761.114878375324,1964.602785457201
Cyprus,CYP,1996,2794.533619602631,2140.718399618308
Cyprus,CYP,1997,2846.580983279261,2057.210150094477
Cyprus,CYP,1998,3078.023242082428,2160.879472701269
Cyprus,CYP,1999,3160.322754538602,2133.377862062596
Cyprus,CYP,2000,3357.719536503856,2254.943983487871
Cyprus,CYP,2001,3441.455326943442,2192.900935250232
Cyprus,CYP,2002,3686.419954352788,2183.677045973264
Cyprus,CYP,2003,3894.596784681719,2332.649386248362
Cyprus,CYP,2004,3917.966351467518,2145.7801792951
Cyprus,CYP,2005,4066.009683916726,2141.90113217089
Cyprus,CYP,2006,4202.318245705213,2189.269341001387
Cyprus,CYP,2007,4340.392686214592,2272.990750563524
Cyprus,CYP,2008,4515.016140770247,2367.872076375815
Cyprus,CYP,2009,4530.495208546104,2276.395362777646
Cyprus,CYP,2010,4523.787568184881,2165.742461536279
Cyprus,CYP,2011,4159.641620140725,2065.483173469005
Cyprus,CYP,2012,3929.991239036998,1910.719694661991
Cyprus,CYP,2013,3466.523635964338,1630.762018591176
Cyprus,CYP,2014,3475.617011468621,1641.616207674981
Cyprus,CYP,2015,3541.60960785632,1677.40248205105
Cyprus,CYP,2016,3737.73756943591,1761.87442919766
Cyprus,CYP,2017,3807.7774012876,1794.01732213218
Cyprus,CYP,2018,3857.60389443292,1773.61456364017
Cyprus,CYP,2019,3853.35489802755,1758.05457120745
Cyprus,CYP,2020,3540.03503175665,1638.57191138119
Cyprus,CYP,2021,3716.66784330783,1666.21660995085
Cyprus,CYP,2022,3848.66716239663,1682.70492545045
Czechia,CZE,1960,,
Czechia,CZE,1961,,
Czechia,CZE,1962,,
Czechia,CZE,1963,,
Czechia,CZE,1964,,
Czechia,CZE,1965,,
Czechia,CZE,1966,,
Czechia,CZE,1967,,
Czechia,CZE,1968,,
Czechia,CZE,1969,,
Czechia,CZE,1970,,
Czechia,CZE,1971,3424.202043083135,4618.408711266061
Czechia,CZE,1972,3595.796843660161,4613.78059092597
Czechia,CZE,1973,3729.994741120627,4551.296951724535
Czechia,CZE,1974,3860.355235977842,4194.684185017929
Czechia,CZE,1975,4031.268702863812,4342.960366332559
Czechia,CZE,1976,4173.440112566351,4438.443585330703
Czechia,CZE,1977,4292.927433711717,4716.462700830637
Czechia,CZE,1978,4499.956942415509,4429.802565841491
Czechia,CZE,1979,4392.392362437273,4703.03704473064
Czechia,CZE,1980,4585.123745255936,4557.317686110887
Czechia,CZE,1981,4639.73377838223,4567.93051971484
Czechia,CZE,1982,4675.599956800047,4633.611366784084
Czechia,CZE,1983,4812.15545819314,4646.574496970899
Czechia,CZE,1984,4959.820286377444,4740.971071942079
Czechia,CZE,1985,5141.665210748296,4764.268338622041
Czechia,CZE,1986,5259.312138478492,4839.935924825475
Czechia,CZE,1987,5447.305282392984,4978.254944904564
Czechia,CZE,1988,5504.923287414068,4876.22106837133
Czechia,CZE,1989,5576.934732983125,4739.002774617443
Czechia,CZE,1990,5600.407612048555,4796.941458025975
Czechia,CZE,1991,5256.302081625613,4349.236238014593
Czechia,CZE,1992,5077.66018488199,4222.416575517125
Czechia,CZE,1993,5032.403649421991,4089.408515414786
Czechia,CZE,1994,5186.969442459816,3963.314094128205
Czechia,CZE,1995,5470.670661404344,4019.8048793808
Czechia,CZE,1996,5729.386254766127,4152.938259028559
Czechia,CZE,1997,5660.060028351736,4184.884683628343
Czechia,CZE,1998,5604.809540124494,4057.405827436018
Czechia,CZE,1999,5493.851530456463,3782.889206970924
Czechia,CZE,2000,5703.816739107308,3988.038493766445
Czechia,CZE,2001,5892.172595495274,4111.15248167077
Czechia,CZE,2002,5894.2331191117,4163.450105894763
Czechia,CZE,2003,6074.849141622355,4357.572661874173
Czechia,CZE,2004,6230.398227888495,4460.259930739138
Czechia,CZE,2005,6357.421094608125,4400.878112851594
Czechia,CZE,2006,6528.530150440892,4491.516133805325
Czechia,CZE,2007,6518.217412699775,4468.960351605056
Czechia,CZE,2008,6489.126257402426,4330.712690701802
Czechia,CZE,2009,6139.352060372641,4034.743510492597
Czechia,CZE,2010,6348.424398128391,4237.896740723344
Czechia,CZE,2011,6298.727678350258,4077.356058752557
Czechia,CZE,2012,6304.571923029536,4054.085018388256
Czechia,CZE,2013,6284.790806248878,3989.991413575757
Czechia,CZE,2014,6258.891037036594,3915.113582478563
Czechia,CZE,2015,6382.47899049304,3982.18836315647
Czechia,CZE,2016,6459.66831252321,3927.72515918366
Czechia,CZE,2017,6573.73236787076,4089.51341285553
Czechia,CZE,2018,6572.10472168767,4081.41868670154
Czechia,CZE,2019,6525.47304268137,4002.2461173426
Czechia,CZE,2020,6286.67907164219,3764.58101151339
Czechia,CZE,2021,6690.60779160256,4058.12213828101
Czechia,CZE,2022,6362.84194009099,3897.09744110081
Denmark,DNK,1960,1089.614099737466,1922.973672608739
Denmark,DNK,1961,1192.405295502492,2023.308390183462
Denmark,DNK,1962,1355.931619907968,2296.289562618458
Denmark,DNK,1963,1497.924103897911,2502.927644309948
Denmark,DNK,1964,1624.498736995116,2600.155821427542
Denmark,DNK,1965,1818.654796415727,2822.734844963618
Denmark,DNK,1966,1984.416080357178,3067.42783197749
Denmark,DNK,1967,2128.489454960278,3061.110106933225
Denmark,DNK,1968,2339.213502154111,3203.75227934567
Denmark,DNK,1969,2620.4756472998,3699.530444452621
Denmark,DNK,1970,2893.224397145163,3971.430727869116
Denmark,DNK,1971,3059.362184236306,3728.538022206166
Denmark,DNK,1972,3346.82534403826,3858.592121638049
Denmark,DNK,1973,3428.211175100227,3781.757201165066
Denmark,DNK,1974,3245.993248762164,3489.606459243133
Denmark,DNK,1975,3414.520000743103,3453.207221857039
Denmark,DNK,1976,3793.718246042066,3745.561838553672
Denmark,DNK,1977,3999.670624608547,3830.10381024047
Denmark,DNK,1978,4314.445536345413,3894.637760547685
Denmark,DNK,1979,4541.900300597971,4020.03654236309
Denmark,DNK,1980,4599.234007550614,3735.144085713388
Denmark,DNK,1981,4589.996977490505,3381.43445020396
Denmark,DNK,1982,4678.954474667876,3422.374804848167
Denmark,DNK,1983,4739.654345455495,3233.160100009835
Denmark,DNK,1984,4979.635610557047,3353.461202800914
Denmark,DNK,1985,5351.125048423927,3774.101133603888
Denmark,DNK,1986,5618.554627310355,3823.50180664751
Denmark,DNK,1987,5794.394564956201,3819.83212873589
Denmark,DNK,1988,5858.057563325663,3642.119646375993
Denmark,DNK,1989,5853.960005408571,3414.211605281851
Denmark,DNK,1990,5944.828366957865,3376.783307485267
Denmark,DNK,1991,6217.335513002935,3734.818398160137
Denmark,DNK,1992,6236.258476960651,3561.89036947656
Denmark,DNK,1993,6306.869561664471,3645.515346253384
Denmark,DNK,1994,6539.535705642141,3760.577237052887
Denmark,DNK,1995,6424.537291723713,3706.440186854635
Denmark,DNK,1996,6646.685948174014,4170.25202381726
Denmark,DNK,1997,6607.201412452737,3848.155843595571
Denmark,DNK,1998,6504.256328782805,3772.110276743852
Denmark,DNK,1999,6508.513380531658,3602.670638255973
Denmark,DNK,2000,6482.488628395749,3489.614796269994
Denmark,DNK,2001,6490.092993129224,3583.95572278258
Denmark,DNK,2002,6533.752014302267,3535.098013720786
Denmark,DNK,2003,6602.636379725053,3727.834178697853
Denmark,DNK,2004,6615.569958717911,3597.172960499937
Denmark,DNK,2005,6659.000426612974,3487.631914193222
Denmark,DNK,2006,6824.745938772237,3728.17103871206
Denmark,DNK,2007,6668.390266446309,3622.596832555821
Denmark,DNK,2008,6534.123850189156,3501.513846696013
Denmark,DNK,2009,6219.70109150757,3329.211067345392
Denmark,DNK,2010,6327.506456298963,3510.796849783955
Denmark,DNK,2011,6165.973619944236,3230.188030959836
Denmark,DNK,2012,6038.552306936224,3091.581580278319
Denmark,DNK,2013,6039.43200024506,3125.337760101102
Denmark,DNK,2014,5858.801536287482,2872.57354732678
Denmark,DNK,2015,5821.60622280387,2848.24005833514
Denmark,DNK,2016,5887.38497314076,2891.35212667213
Denmark,DNK,2017,5885.01607984763,2896.91040613626
Denmark,DNK,2018,5783.24216433342,2871.31912571116
Denmark,DNK,2019,5755.1722252014,2758.1535848545
Denmark,DNK,2020,5690.91079952615,2637.52222084736
Denmark,DNK,2021,6160.08959261076,2762.32958000027
Denmark,DNK,2022,5870.02927476145,2628.91899463742
Estonia,EST,1960,,
Estonia,EST,1961,,
Estonia,EST,1962,,
Estonia,EST,1963,,
Estonia,EST,1964,,
Estonia,EST,1965,,
Estonia,EST,1966,,
Estonia,EST,1967,,
Estonia,EST,1968,,
Estonia,EST,1969,,
Estonia,EST,1970,,
Estonia,EST,1971,,
Estonia,EST,1972,,
Estonia,EST,1973,,
Estonia,EST,1974,,
Estonia,EST,1975,,
Estonia,EST,1976,,
Estonia,EST,1977,,
Estonia,EST,1978,,
Estonia,EST,1979,,
Estonia,EST,1980,,
Estonia,EST,1981,,
Estonia,EST,1982,,
Estonia,EST,1983,,
Estonia,EST,1984,,
Estonia,EST,1985,,
Estonia,EST,1986,,
Estonia,EST,1987,,
Estonia,EST,1988,,
Estonia,EST,1989,,
Estonia,EST,1990,5755.894502457981,6232.731997853648
Estonia,EST,1991,5617.063575936679,5841.390649158338
Estonia,EST,1992,4933.823236846345,4283.158664423703
Estonia,EST,1993,4049.8538277845,3639.269192465438
Estonia,EST,1994,4354.830107609227,3752.3873275743
Estonia,EST,1995,4244.644077753972,3624.431135557142
Estonia,EST,1996,4556.39116865429,4043.289954605628
Estonia,EST,1997,4811.598137952963,4010.915768451664
Estonia,EST,1998,4733.954908394149,3695.170673430696
Estonia,EST,1999,4460.368108044343,3462.766967525125
Estonia,EST,2000,4540.49256076479,3374.708389853864
Estonia,EST,2001,4680.447945595286,3541.512050514546
Estonia,EST,2002,4767.462935440606,3415.780621307138
Estonia,EST,2003,5158.602778102019,3798.038257266254
Estonia,EST,2004,5429.525521999192,3893.395471725808
Estonia,EST,2005,5531.545828643133,3846.392943477699
Estonia,EST,2006,5869.424788945731,3775.035082899592
Estonia,EST,2007,6277.411462839753,4243.64799952263
Estonia,EST,2008,6364.567830138584,4105.417735530144
Estonia,EST,2009,5975.953810935059,3648.978842500834
Estonia,EST,2010,6506.318180964719,4222.737189958504
Estonia,EST,2011,6314.414447669536,4237.729191322539
Estonia,EST,2012,6689.367776117869,4174.387765593909
Estonia,EST,2013,6664.658569025574,4623.279112167934
Estonia,EST,2014,6732.367473156111,4592.616456644694
Estonia,EST,2015,6481.64408430242,3695.11919135189
Estonia,EST,2016,7150.83713966514,4579.42111654538
Estonia,EST,2017,7322.84588244582,4444.84667060588
Estonia,EST,2018,7354.89346637649,4359.95295201493
Estonia,EST,2019,6987.72626079774,3661.49925395092
Estonia,EST,2020,7030.34624474059,3366.74622873232
Estonia,EST,2021,6644.21623343642,3426.59979577079
Estonia,EST,2022,6464.07283295276,3558.49999898152
Finland,FIN,1960,1873.292466149574,2196.953066551323
Finland,FIN,1961,2187.623640861196,2252.77869000371
Finland,FIN,1962,2389.209881991155,2361.743876077243
Finland,FIN,1963,2479.158509843126,2478.912008885531
Finland,FIN,1964,2715.375011294826,2678.383165774183
Finland,FIN,1965,2938.384637835876,2887.69410649004
Finland,FIN,1966,3197.864859265786,3065.438675500217
Finland,FIN,1967,3345.387846133003,3126.426045390278
Finland,FIN,1968,3628.685288932013,3342.703258143521
Finland,FIN,1969,4071.556095276921,3668.523298553025
Finland,FIN,1970,4570.906802347304,3872.223019438349
Finland,FIN,1971,4889.50427178454,3939.211087993298
Finland,FIN,1972,5516.140525043123,4188.16067653277
Finland,FIN,1973,6046.830305774803,4507.556984115792
Finland,FIN,1974,6140.186680777236,4383.848117522503
Finland,FIN,1975,5946.377328375189,4181.810656614538
Finland,FIN,1976,6545.746798756746,4459.85960914699
Finland,FIN,1977,6726.663687073504,4516.248067590341
Finland,FIN,1978,7330.414465732763,4664.52317587608
Finland,FIN,1979,7930.631373709517,4963.535508081323
Finland,FIN,1980,8295.786096346194,5146.642298884724
Finland,FIN,1981,8493.605368706932,4934.588467746841
Finland,FIN,1982,8533.1617405918,4805.493881932895
Finland,FIN,1983,9124.164630779727,4823.858830710655
Finland,FIN,1984,9808.466257241433,4910.523017827634
Finland,FIN,1985,10482.8316068317,5269.892370904038
Finland,FIN,1986,10622.88818121596,5482.578422717142
Finland,FIN,1987,11358.3947521179,5960.6925861338
Finland,FIN,1988,11778.27227073146,5590.436514362433
Finland,FIN,1989,12034.75727337864,5753.639282801386
Finland,FIN,1990,12485.68364828472,5691.571185884252
Finland,FIN,1991,12470.73043277075,5742.784228938876
Finland,FIN,1992,12514.10156937972,5380.993067819227
Finland,FIN,1993,13012.66943086546,5617.215377956189
Finland,FIN,1994,13603.2763578956,5972.554272686163
Finland,FIN,1995,13591.39667057573,5661.903876236102
Finland,FIN,1996,13721.92375833069,6070.212093768593
Finland,FIN,1997,14454.93872857786,6276.951692029023
Finland,FIN,1998,14846.42081941237,6319.32660107756
Finland,FIN,1999,15075.86719050372,6283.958258235352
Finland,FIN,2000,15305.40980860703,6262.19207918382
Finland,FIN,2001,15709.88325384232,6410.625234193933
Finland,FIN,2002,16140.06696922162,6728.581405446065
Finland,FIN,2003,16445.57256128604,7077.026649074796
Finland,FIN,2004,16777.56584901951,7134.85420908111
Finland,FIN,2005,16117.89033216319,6562.022311448362
Finland,FIN,2006,17215.0372901645,7111.856821567
Finland,FIN,2007,17160.86311999879,6974.896761409188
Finland,FIN,2008,16349.23332503356,6669.173348359496
Finland,FIN,2009,15243.11038794532,6268.300545190173
Finland,FIN,2010,16484.09427537107,6828.783753145422
Finland,FIN,2011,15710.9737593054,6537.637298191331
Finland,FIN,2012,15689.22330762392,6275.77096367897
Finland,FIN,2013,15510.83550347382,6116.227294422549
Finland,FIN,2014,15249.98938023024,6213.357766127769
Finland,FIN,2015,15056.2155775741,5921.59681653244
Finland,FIN,2016,15489.9556948907,6120.63301519281
Finland,FIN,2017,15464.1776808236,6070.15750826277
Finland,FIN,2018,15805.3857067097,6165.44402350648
Finland,FIN,2019,15508.1691812129,6024.64068885194
Finland,FIN,2020,14688.7364832862,5739.07303589647
Finland,FIN,2021,15646.5861772306,5994.29375783761
Finland,FIN,2022,14749.7185978813,5681.8747010757
France,FRA,1960,1438.298605419395,1670.892037038646
France,FRA,1961,1528.84873542515,1720.959169566757
France,FRA,1962,1637.648121960964,1842.403114757337
France,FRA,1963,1740.594002970729,1971.496944600373
France,FRA,1964,1890.327522901535,2077.947402884107
France,FRA,1965,1985.956657004705,2107.327689865566
France,FRA,1966,2096.473227456304,2123.702434885989
France,FRA,1967,2189.075124040394,2250.42705161867
France,FRA,1968,2270.44089387862,2362.769730898101
France,FRA,1969,2472.212926672986,2537.935859765949
France,FRA,1970,2624.426643949799,2948.671884062753
France,FRA,1971,2745.166230272475,3020.425469146375
France,FRA,1972,2920.281718585178,3160.618156790457
France,FRA,1973,3151.848452060219,3373.815718003997
France,FRA,1974,3255.872825821762,3243.98914676808
France,FRA,1975,3250.272721702314,3054.689277249852
France,FRA,1976,3593.793767092993,3247.0066270184
France,FRA,1977,3689.429890912178,3171.721741473897
France,FRA,1978,3929.730736070412,3366.743340477578
France,FRA,1979,4199.21108916792,3491.907935508956
France,FRA,1980,4412.964287270166,3469.436093348751
France,FRA,1981,4566.307359198285,3368.64794826312
France,FRA,1982,4611.19524364679,3275.097963439538
France,FRA,1983,4703.526196555841,3342.487826673865
France,FRA,1984,4940.68389482413,3445.724493436285
France,FRA,1985,5258.444278178626,3596.951760114012
France,FRA,1986,5511.991519348567,3634.208243759806
France,FRA,1987,5655.503362046215,3704.599401597806
France,FRA,1988,5740.944688778914,3667.409334731479
France,FRA,1989,5860.149399767654,3795.712677386638
France,FRA,1990,5966.425711932364,3844.955113378394
France,FRA,1991,6360.324842049872,4043.449029704799
France,FRA,1992,6476.29775757247,3954.314493429219
France,FRA,1993,6453.401576573978,4002.15029351932
France,FRA,1994,6530.668262984442,3836.262950999145
France,FRA,1995,6622.009256298662,3981.392964015864
France,FRA,1996,6905.002508262808,4191.825339224638
France,FRA,1997,6832.769961265718,4049.015420974224
France,FRA,1998,7014.989229894779,4151.323982295999
France,FRA,1999,7148.674425332088,4123.167229584828
France,FRA,2000,7223.796333934523,4135.059403226213
France,FRA,2001,7341.425465787748,4245.524255872426
France,FRA,2002,7298.43660813437,4224.99799473055
France,FRA,2003,7528.94926421917,4270.608533947589
France,FRA,2004,7661.162154729983,4301.552485163359
France,FRA,2005,7652.682250860364,4287.055426632885
France,FRA,2006,7540.181403570463,4188.779658567111
France,FRA,2007,7513.501514990809,4115.484616637891
France,FRA,2008,7643.434770665112,4110.577229872486
France,FRA,2009,7338.11084881881,3913.494169266254
France,FRA,2010,7734.880939010886,4016.928004616477
France,FRA,2011,7233.195537920164,3847.187539552222
France,FRA,2012,7363.664915314754,3836.782225208487
France,FRA,2013,7367.927831435688,3833.577997565136
France,FRA,2014,6939.943524909275,3659.087794684488
France,FRA,2015,7201.35903754195,3795.9498874457
France,FRA,2016,7269.89155223426,3715.23346860046
France,FRA,2017,7220.98472130526,3700.96956491664
France,FRA,2018,7148.74642241051,3665.53572999823
France,FRA,2019,7049.57659279671,3601.76570846162
France,FRA,2020,6676.20694393923,3224.46770851692
France,FRA,2021,6942.44523564921,3470.00297348378
France,FRA,2022,6677.39513463708,3102.40310926754
Germany,DEU,1960,1586.749415298243,1952.588632271692
Germany,DEU,1961,1683.414913144104,1994.324632879949
Germany,DEU,1962,1790.686877426384,2124.84853926032
Germany,DEU,1963,1916.927527967752,2281.289928322072
Germany,DEU,1964,2060.547353826997,2341.146313413691
Germany,DEU,1965,2194.20606119805,2378.339731894295
Germany,DEU,1966,2300.49979823189,2387.684875065325
Germany,DEU,1967,2362.908942867477,2388.412346733006
Germany,DEU,1968,2579.749915368936,2561.52258496013
Germany,DEU,1969,2815.221348227297,2772.010929270639
Germany,DEU,1970,3834.178407328228,3860.864936356271
Germany,DEU,1971,4064.454716124336,3895.264725547823
Germany,DEU,1972,4335.769624747479,4017.337385160405
Germany,DEU,1973,4654.9850483931,4240.061861746226
Germany,DEU,1974,4803.423203588244,4158.271625721961
Germany,DEU,1975,4743.944833101095,3984.974239246902
Germany,DEU,1976,5146.932577793748,4314.581637400997
Germany,DEU,1977,5285.26078631661,4336.087404199809
Germany,DEU,1978,5574.745216592468,4483.880846931215
Germany,DEU,1979,5786.127215721713,4685.296727672546
Germany,DEU,1980,5797.499752709769,4562.29597278663
Germany,DEU,1981,5832.06487070239,4399.49982340429
Germany,DEU,1982,5822.027359324761,4257.864407358673
Germany,DEU,1983,5965.458193487475,4268.048912172419
Germany,DEU,1984,6239.971815604129,4447.316635260408
Germany,DEU,1985,6448.539859233599,4598.138494736292
Germany,DEU,1986,6530.238713534752,4589.15365580296
Germany,DEU,1987,6666.219595292492,4616.397062073033
Germany,DEU,1988,6776.307911872985,4629.177666091123
Germany,DEU,1989,6835.329908212416,4514.704706461735
Germany,DEU,1990,6639.731691460488,4421.364530867883
Germany,DEU,1991,6564.797194727276,4302.89117530285
Germany,DEU,1992,6445.873999892688,4190.98422047326
Germany,DEU,1993,6288.416350052552,4122.695739827573
Germany,DEU,1994,6244.957228258118,4088.798129844186
Germany,DEU,1995,6327.709753994987,4119.688948013708
Germany,DEU,1996,6403.333725976923,4246.553191326244
Germany,DEU,1997,6427.79876840273,4203.357366597635
Germany,DEU,1998,6479.490249483849,4177.294129311795
Germany,DEU,1999,6505.132999423644,4079.93334441166
Germany,DEU,2000,6635.421405966668,4094.060359530201
Germany,DEU,2001,6762.653396466359,4209.796086638816
Germany,DEU,2002,6900.78052702986,4108.401298872042
Germany,DEU,2003,7009.726491968612,4084.503345620123
Germany,DEU,2004,7108.962524476994,4114.389927512469
Germany,DEU,2005,7138.221485291845,4086.503407287128
Germany,DEU,2006,7212.437447687568,4204.654689481585
Germany,DEU,2007,7229.089912947662,3985.811954853193
Germany,DEU,2008,7187.764009096226,4036.830780993962
Germany,DEU,2009,6817.158398236572,3790.501151573179
Germany,DEU,2010,7264.322590735554,3997.079420809756
Germany,DEU,2011,7281.272174171622,3869.816229048594
Germany,DEU,2012,7270.152523027336,3876.948104093383
Germany,DEU,2013,7217.529089154951,3939.529562708346
Germany,DEU,2014,7035.48297471676,3779.461920785355
Germany,DEU,2015,7032.02144106578,3780.85027551891
Germany,DEU,2016,6972.36527283762,3765.21799936242
Germany,DEU,2017,6947.26382648139,3763.19404182465
Germany,DEU,2018,6815.82136213371,3659.22924485198
Germany,DEU,2019,6580.29256436905,3570.88159282488
Germany,DEU,2020,6367.10502947955,3349.19012313459
Germany,DEU,2021,6582.54587433797,3466.91774472334
Germany,DEU,2022,6285.24659632329,3236.72845177468
Greece,GRC,1960,241.7266532440761,289.0570680141267
Greece,GRC,1961,272.5632736170897,322.4905781699323
Greece,GRC,1962,305.3893044853285,350.1012578606674
Greece,GRC,1963,342.1141854740039,367.8114303403747
Greece,GRC,1964,407.9700330030366,433.5593423081257
Greece,GRC,1965,475.4200801302125,478.7558566432442
Greece,GRC,1966,625.2865364524288,547.1970015966516
Greece,GRC,1967,742.277139522308,607.7021559431456
Greece,GRC,1968,802.7901447985388,652.0815969769236
Greece,GRC,1969,917.6127386990008,725.5256154160763
Greece,GRC,1970,1023.791495001709,872.783727970343
Greece,GRC,1971,1198.273905802218,984.042076150522
Greece,GRC,1972,1360.95244395423,1134.786493483584
Greece,GRC,1973,1547.974787117069,1322.763942468468
Greece,GRC,1974,1562.259052700384,1256.348734694023
Greece,GRC,1975,1655.770973679332,1298.204363413596
Greece,GRC,1976,1802.865647600442,1386.100466361564
Greece,GRC,1977,1895.046440992132,1469.549429074288
Greece,GRC,1978,2100.963535472424,1525.443535862669
Greece,GRC,1979,2180.607185101198,1597.925925336328
Greece,GRC,1980,2247.445036326141,1553.781615876787
Greece,GRC,1981,2263.768905425337,1505.279386598282
Greece,GRC,1982,2270.490881415654,1537.277697062152
Greece,GRC,1983,2424.586612248032,1599.070219680303
Greece,GRC,1984,2561.692580519758,1652.72998113038
Greece,GRC,1985,2666.317707337205,1766.766153629345
Greece,GRC,1986,2724.231939259249,1673.818047231458
Greece,GRC,1987,2859.129881772034,1791.833385913538
Greece,GRC,1988,3097.544351724019,1902.914451484076
Greece,GRC,1989,3205.11486299913,2093.114345233034
Greece,GRC,1990,3221.405320418422,2102.677685295532
Greece,GRC,1991,3253.220686541678,2094.621502652102
Greece,GRC,1992,3398.383757918143,2129.89451643759
Greece,GRC,1993,3459.422977004258,2090.762364590697
Greece,GRC,1994,3598.523797665388,2138.25195316773
Greece,GRC,1995,3708.997587897089,2147.13647870846
Greece,GRC,1996,3832.667219666692,2206.103894879722
Greece,GRC,1997,3989.116107206475,2282.13703465979
Greece,GRC,1998,4175.73456633449,2389.793152545275
Greece,GRC,1999,4316.326289773231,2390.08286610533
Greece,GRC,2000,4586.329870010646,2506.639947702199
Greece,GRC,2001,4719.147217139324,2578.112105431973
Greece,GRC,2002,4909.639698030329,2597.748289262304
Greece,GRC,2003,5091.292424005337,2666.453637284534
Greece,GRC,2004,5200.024353862721,2711.466789884311
Greece,GRC,2005,5297.200025411124,2753.051200684717
Greece,GRC,2006,5434.576468540688,2742.629960794392
Greece,GRC,2007,5701.330853593976,2734.755834584562
Greece,GRC,2008,5805.19254609269,2745.493458517774
Greece,GRC,2009,5627.883706309264,2649.661200662608
Greece,GRC,2010,5333.439555535614,2482.110116037266
Greece,GRC,2011,5389.333122255322,2407.762736068108
Greece,GRC,2012,5534.897158545156,2403.230472110892
Greece,GRC,2013,5028.995794061783,2128.010669379732
Greece,GRC,2014,5062.606421552323,2123.89789112844
Greece,GRC,2015,5229.42536205225,2148.04707916151
Greece,GRC,2016,5500.84999300759,2109.41656684289
Greece,GRC,2017,5616.3461503593,2148.0515638287
Greece,GRC,2018,5059.03260652637,2089.36044213673
Greece,GRC,2019,5118.46106292896,2058.5433840771
Greece,GRC,2020,4851.28940714574,1840.48388256342
Greece,GRC,2021,4997.1582541623,1923.02095463019
Greece,GRC,2022,4827.78285698736,1960.67533913558
Hungary,HUN,1960,,
Hungary,HUN,1961,,
Hungary,HUN,1962,,
Hungary,HUN,1963,,
Hungary,HUN,1964,,
Hungary,HUN,1965,1135.00924079628,1426.899659881542
Hungary,HUN,1966,1219.513033797301,1447.937954069168
Hungary,HUN,1967,1306.304913061131,1476.049575769013
Hungary,HUN,1968,1380.095097269208,1506.999492483045
Hungary,HUN,1969,1467.366390959345,1607.815939898568
Hungary,HUN,1970,1588.618976176036,1730.162866575546
Hungary,HUN,1971,1711.303272898857,1836.349752115666
Hungary,HUN,1972,1827.765553245284,1880.538797511831
Hungary,HUN,1973,1955.511162469906,2039.367027877058
Hungary,HUN,1974,2070.195596408721,2101.987074757222
Hungary,HUN,1975,2148.374962347701,2173.246968248735
Hungary,HUN,1976,2284.247364081385,2311.173366260714
Hungary,HUN,1977,2418.569217163248,2428.829330042334
Hungary,HUN,1978,2611.180607407405,2674.059333885019
Hungary,HUN,1979,2638.695713588521,2638.204969436159
Hungary,HUN,1980,2697.756593566949,2646.304187367112
Hungary,HUN,1981,2738.556409687666,2630.042920698651
Hungary,HUN,1982,2833.48753705443,2630.758481477105
Hungary,HUN,1983,2950.662722720496,2594.394779232596
Hungary,HUN,1984,3103.834377177931,2697.394145815162
Hungary,HUN,1985,3194.094910812227,2794.251943873405
Hungary,HUN,1986,3268.312010538669,2787.684171789945
Hungary,HUN,1987,3424.657211553547,2894.827453152772
Hungary,HUN,1988,3426.22984390959,2863.976240427606
Hungary,HUN,1989,3484.352137278246,2874.895806689723
Hungary,HUN,1990,3426.551100695316,2774.4920275597
Hungary,HUN,1991,3223.918869416006,2642.922571191702
Hungary,HUN,1992,3116.012869091681,2423.179447951418
Hungary,HUN,1993,2995.986588685345,2481.448411941735
Hungary,HUN,1994,3025.710709919557,2406.68835208692
Hungary,HUN,1995,3066.522153962183,2503.077801115601
Hungary,HUN,1996,3162.374876809167,2572.974360595692
Hungary,HUN,1997,3188.381967576653,2527.301625987344
Hungary,HUN,1998,3215.679628152343,2502.204046726414
Hungary,HUN,1999,3321.406628356644,2490.71260352839
Hungary,HUN,2000,3309.2837106285,2448.140338465362
Hungary,HUN,2001,3426.72290248436,2512.674850229338
Hungary,HUN,2002,3545.170755678337,2520.152465770901
Hungary,HUN,2003,3637.278331756429,2580.207495849767
Hungary,HUN,2004,3680.168466944081,2579.291720926956
Hungary,HUN,2005,3771.364613988311,2731.039702827334
Hungary,HUN,2006,3882.490664130104,2713.257084190135
Hungary,HUN,2007,3976.518977145482,2658.036373110788
Hungary,HUN,2008,3988.767693930418,2636.646773302114
Hungary,HUN,2009,3773.153806627988,2478.101699650292
Hungary,HUN,2010,3876.491084070507,2568.94899141732
Hungary,HUN,2011,3898.823142671275,2500.321358577105
Hungary,HUN,2012,3923.042324463563,2365.553696528413
Hungary,HUN,2013,3892.113701271252,2271.947205127785
Hungary,HUN,2014,3965.95823348335,2314.496433779545
Hungary,HUN,2015,4099.44988473059,2559.32489879297
Hungary,HUN,2016,4182.48459372879,2598.64407958244
Hungary,HUN,2017,4325.41347201247,2720.33439389079
Hungary,HUN,2018,4404.65634514796,2719.60757534915
Hungary,HUN,2019,4460.37980620687,2727.76850926666
Hungary,HUN,2020,4458.18827999449,2690.99272363692
Hungary,HUN,2021,4719.10549768272,2827.52439382651
Hungary,HUN,2022,4680.96591412799,2661.74727916976
Ireland,IRL,1960,695.0434844092484,1318.812486742558
Ireland,IRL,1961,752.0181277439456,1396.466152103102
Ireland,IRL,1962,838.1375504663176,1412.729676839266
Ireland,IRL,1963,886.1935393406131,1453.962105410759
Ireland,IRL,1964,1041.670300535487,1522.194973051229
Ireland,IRL,1965,1134.396830361798,1511.904910853925
Ireland,IRL,1966,1238.230407089449,1629.591872057602
Ireland,IRL,1967,1343.3478612896,1767.425106375648
Ireland,IRL,1968,1498.516574917254,1881.149354324227
Ireland,IRL,1969,1608.783864422962,1974.588853085094
Ireland,IRL,1970,1750.951052498098,2023.631076168738
Ireland,IRL,1971,1884.661018365335,2245.323440450527
Ireland,IRL,1972,2021.173255182179,2194.513064524096
Ireland,IRL,1973,2143.262204507526,2238.471783405435
Ireland,IRL,1974,2246.05577689243,2268.089880478088
Ireland,IRL,1975,2175.228480506655,2083.994920913608
Ireland,IRL,1976,2377.665570327821,2110.191936504995
Ireland,IRL,1977,2535.799159100603,2203.821522149778
Ireland,IRL,1978,2693.520771379652,2178.720975639062
Ireland,IRL,1979,2935.012967765839,2534.338643942201
Ireland,IRL,1980,2868.319268635724,2413.156352555087
Ireland,IRL,1981,2827.396466840429,2392.953953084275
Ireland,IRL,1982,2794.193585403638,2356.894256698606
Ireland,IRL,1983,2852.788697088817,2336.183558366091
Ireland,IRL,1984,2962.272638356165,2346.178529581537
Ireland,IRL,1985,3114.964548588755,2438.438396848914
Ireland,IRL,1986,3271.472925595179,2503.498893970941
Ireland,IRL,1987,3414.634284137233,2608.806581362956
Ireland,IRL,1988,3427.283628784417,2592.838648162001
Ireland,IRL,1989,3598.11097037917,2655.244973738319
Ireland,IRL,1990,3767.529298736985,2820.410168088893
Ireland,IRL,1991,3897.873231406514,2827.844498172872
Ireland,IRL,1992,4104.900194748808,2775.21800344534
Ireland,IRL,1993,4185.097228641869,2813.710464644499
Ireland,IRL,1994,4351.064203124678,2941.61324158461
Ireland,IRL,1995,4525.275566310625,2951.913093428057
Ireland,IRL,1996,4787.890617482839,3122.335608699357
Ireland,IRL,1997,4976.632824111888,3255.498451215254
Ireland,IRL,1998,5201.610904851892,3417.568527021873
Ireland,IRL,1999,5433.864939306794,3544.387616231657
Ireland,IRL,2000,5796.055581163962,3626.747160576625
Ireland,IRL,2001,5896.939224978875,3713.51386863164
Ireland,IRL,2002,6035.686645827118,3661.322240610059
Ireland,IRL,2003,6092.548994487955,3515.094503444371
Ireland,IRL,2004,6168.398987583601,3558.085941396402
Ireland,IRL,2005,6241.71557392773,3503.642863770741
Ireland,IRL,2006,6351.099110794646,3424.160852079668
Ireland,IRL,2007,6218.313403541124,3416.030945622834
Ireland,IRL,2008,6340.733045494153,3293.884635054251
Ireland,IRL,2009,5947.909489292506,3149.565140699501
Ireland,IRL,2010,5927.868679902328,3152.003605140615
Ireland,IRL,2011,5657.538158688792,2865.374739851933
Ireland,IRL,2012,5651.008482817712,2853.064865498302
Ireland,IRL,2013,5698.75617887909,2814.982689622597
Ireland,IRL,2014,5672.064134107958,2741.574883956597
Ireland,IRL,2015,5737.82363386139,2823.99503839584
Ireland,IRL,2016,5817.67635718619,2935.02594942249
Ireland,IRL,2017,5828.32090940028,2864.55811835722
Ireland,IRL,2018,5931.81128983612,2835.59440587168
Ireland,IRL,2019,5943.04405452401,2768.26263673508
Ireland,IRL,2020,5978.27809383514,2659.00152476651
Ireland,IRL,2021,6167.09489299375,2728.55817677236
Ireland,IRL,2022,6125.9848616838,2622.13557873134
Italy,ITA,1960,975.0257471658196,794.8160447173988
Italy,ITA,1961,1046.415105166875,890.6883461112645
Italy,ITA,1962,1143.605129379347,1007.048346631106
Italy,ITA,1963,1266.350581440724,1119.723171778662
Italy,ITA,1964,1353.314491338714,1221.73080588714
Italy,ITA,1965,1446.739592438261,1316.462853814882
Italy,ITA,1966,1573.20207924751,1431.074487328395
Italy,ITA,1967,1693.254317066946,1551.519172786647
Italy,ITA,1968,1823.398749900208,1698.427560426969
Italy,ITA,1969,1934.814463385318,1832.499918282265
Italy,ITA,1970,2072.912766840976,2026.217474873123
Italy,ITA,1971,2152.773937839041,1949.148723339293
Italy,ITA,1972,2295.493059246696,2050.737877115765
Italy,ITA,1973,2457.726839014874,2175.587545642207
Italy,ITA,1974,2537.285386250857,2212.206692153714
Italy,ITA,1975,2476.36221431139,2106.078748469928
Italy,ITA,1976,2710.457936051844,2264.057186997584
Italy,ITA,1977,2776.818134710868,2204.179806667848
Italy,ITA,1978,2891.044191624621,2247.56551683966
Italy,ITA,1979,3040.959609376433,2340.042035415869
Italy,ITA,1980,3104.854578232726,2318.42730013811
Italy,ITA,1981,3096.934736890544,2265.931089653537
Italy,ITA,1982,3132.771222633571,2206.542734106462
Italy,ITA,1983,3134.392335318704,2203.864187717455
Italy,ITA,1984,3304.32740902362,2253.718923745277
Italy,ITA,1985,3391.669626834705,2284.811297835383
Italy,ITA,1986,3490.34311606504,2311.548072479482
Italy,ITA,1987,3662.666561676138,2407.25635314456
Italy,ITA,1988,3825.917783038346,2462.796777526145
Italy,ITA,1989,4007.179516733381,2566.108924651583
Italy,ITA,1990,4144.907442342316,2583.888077484818
Italy,ITA,1991,4224.740105542919,2645.67323732766
Italy,ITA,1992,4310.53796825883,2627.340007771877
Italy,ITA,1993,4303.645311664393,2611.990437540265
Italy,ITA,1994,4439.319252542951,2578.46597846012
Italy,ITA,1995,4597.89259796184,2799.375761542894
Italy,ITA,1996,4658.700156617235,2796.154735851551
Italy,ITA,1997,4791.285245946361,2834.402946073195
Italy,ITA,1998,4955.721943957996,2912.947365254283
Italy,ITA,1999,5079.492406369161,2957.311485913609
Italy,ITA,2000,5299.856478794217,3012.194999876015
Italy,ITA,2001,5406.491721677043,3020.621194542784
Italy,ITA,2002,5539.703836766736,3037.266964705502
Italy,ITA,2003,5652.519542486571,3168.529021140208
Italy,ITA,2004,5687.997573455725,3169.932641623059
Italy,ITA,2005,5731.101556812201,3214.674120611458
Italy,ITA,2006,5833.467296759996,3175.799870868831
Italy,ITA,2007,5804.325963567393,3149.57655346296
Italy,ITA,2008,5757.960611477799,3087.566331027301
Italy,ITA,2009,5368.390566671345,2869.920712055844
Italy,ITA,2010,5493.711036700536,2930.588524125469
Italy,ITA,2011,5514.803614967866,2828.404891396012
Italy,ITA,2012,5397.741477340243,2709.297728103074
Italy,ITA,2013,5159.183655037853,2579.472542626626
Italy,ITA,2014,5002.406679877359,2414.484001583177
Italy,ITA,2015,5098.81495948779,2512.12819840147
Italy,ITA,2016,5080.8793066143,2490.24279736688
Italy,ITA,2017,5202.18236508364,2534.74764221301
Italy,ITA,2018,5223.59825334449,2492.03489957178
Italy,ITA,2019,5260.0173104957,2494.02659804115
Italy,ITA,2020,4969.24141417202,2313.10006204514
Italy,ITA,2021,5290.22854904133,2531.08698798735
Italy,ITA,2022,5215.69012140866,2411.65172417311
Latvia,LVA,1960,,
Latvia,LVA,1961,,
Latvia,LVA,1962,,
Latvia,LVA,1963,,
Latvia,LVA,1964,,
Latvia,LVA,1965,,
Latvia,LVA,1966,,
Latvia,LVA,1967,,
Latvia,LVA,1968,,
Latvia,LVA,1969,,
Latvia,LVA,1970,,
Latvia,LVA,1971,,
Latvia,LVA,1972,,
Latvia,LVA,1973,,
Latvia,LVA,1974,,
Latvia,LVA,1975,,
Latvia,LVA,1976,,
Latvia,LVA,1977,,
Latvia,LVA,1978,,
Latvia,LVA,1979,,
Latvia,LVA,1980,,
Latvia,LVA,1981,,
Latvia,LVA,1982,,
Latvia,LVA,1983,,
Latvia,LVA,1984,,
Latvia,LVA,1985,,
Latvia,LVA,1986,,
Latvia,LVA,1987,,
Latvia,LVA,1988,,
Latvia,LVA,1989,,
Latvia,LVA,1990,3396.728161489904,2949.284137474743
Latvia,LVA,1991,3285.317445495912,2791.67473093635
Latvia,LVA,1992,2638.908970454471,2335.409193455475
Latvia,LVA,1993,2048.149058436618,2058.6496260665
Latvia,LVA,1994,1973.228517634887,1893.963364755298
Latvia,LVA,1995,1997.138092662701,1849.585280975559
Latvia,LVA,1996,1992.900926330629,1839.983526112008
Latvia,LVA,1997,2056.435022120138,1821.351985797733
Latvia,LVA,1998,2129.858727254848,1796.180859984921
Latvia,LVA,1999,2072.803727449108,1663.915059808022
Latvia,LVA,2000,2082.321387087918,1618.460011404194
Latvia,LVA,2001,2213.360602780286,1759.160865491171
Latvia,LVA,2002,2307.186518065963,1763.257556901583
Latvia,LVA,2003,2493.930169081123,1889.954129342579
Latvia,LVA,2004,2607.459960178903,1961.104615659253
Latvia,LVA,2005,2777.381980249232,2022.564330250281
Latvia,LVA,2006,2966.609973056636,2113.710732763032
Latvia,LVA,2007,3169.077295399543,2179.81389112972
Latvia,LVA,2008,3213.121440007495,2106.363688972049
Latvia,LVA,2009,3026.611488516666,2055.824686261042
Latvia,LVA,2010,3229.951062069886,2148.653551396745
Latvia,LVA,2011,3264.053320153478,2066.637568705094
Latvia,LVA,2012,3587.932865986111,2170.585832408781
Latvia,LVA,2013,3472.541384554768,2156.16200953272
Latvia,LVA,2014,3507.404520654716,2176.84330583785
Latvia,LVA,2015,3491.22919687064,2155.8522069549
Latvia,LVA,2016,3563.08658627012,2172.43884661611
Latvia,LVA,2017,3600.46708762218,2265.21693915892
Latvia,LVA,2018,3728.25702297769,2403.49981780927
Latvia,LVA,2019,3725.00681881596,2343.22877775395
Latvia,LVA,2020,3669.13292595592,2251.26939039077
Latvia,LVA,2021,3838.17372339466,2375.37908973973
Latvia,LVA,2022,3696.42590147937,2253.98397709054
Lithuania,LTU,1960,,
Lithuania,LTU,1961,,
Lithuania,LTU,1962,,
Lithuania,LTU,1963,,
Lithuania,LTU,1964,,
Lithuania,LTU,1965,,
Lithuania,LTU,1966,,
Lithuania,LTU,1967,,
Lithuania,LTU,1968,,
Lithuania,LTU,1969,,
Lithuania,LTU,1970,,
Lithuania,LTU,1971,,
Lithuania,LTU,1972,,
Lithuania,LTU,1973,,
Lithuania,LTU,1974,,
Lithuania,LTU,1975,,
Lithuania,LTU,1976,,
Lithuania,LTU,1977,,
Lithuania,LTU,1978,,
Lithuania,LTU,1979,,
Lithuania,LTU,1980,,
Lithuania,LTU,1981,,
Lithuania,LTU,1982,,
Lithuania,LTU,1983,,
Lithuania,LTU,1984,,
Lithuania,LTU,1985,,
Lithuania,LTU,1986,,
Lithuania,LTU,1987,,
Lithuania,LTU,1988,,
Lithuania,LTU,1989,,
Lithuania,LTU,1990,4023.432070307028,4344.1727301196
Lithuania,LTU,1991,4022.532662155311,4601.700154476053
Lithuania,LTU,1992,3166.92945136285,2978.411205708797
Lithuania,LTU,1993,2494.424475229952,2472.217417360988
Lithuania,LTU,1994,2498.944531579834,2220.420360806138
Lithuania,LTU,1995,2538.644546226587,2401.120166917326
Lithuania,LTU,1996,2735.441037113093,2610.041945095156
Lithuania,LTU,1997,2727.727636731124,2490.347642621807
Lithuania,LTU,1998,2825.884652628904,2633.261873857355
Lithuania,LTU,1999,2702.428156100695,2259.656413670133
Lithuania,LTU,2000,2516.905098275886,2037.619558707212
Lithuania,LTU,2001,2695.90626762913,2384.742732116752
Lithuania,LTU,2002,2848.913483240378,2574.353330911074
Lithuania,LTU,2003,3087.655147716995,2709.249759824644
Lithuania,LTU,2004,3196.849344477099,2779.195901778906
Lithuania,LTU,2005,3187.031079948762,2662.800734862129
Lithuania,LTU,2006,3353.304327429295,2666.013335539307
Lithuania,LTU,2007,3564.206785269307,2927.241222866134
Lithuania,LTU,2008,3733.626495396987,2975.911996350483
Lithuania,LTU,2009,3622.290316910092,2770.832358494503
Lithuania,LTU,2010,3470.785030229731,2275.760166494365
Lithuania,LTU,2011,3529.918777853549,2412.480701690656
Lithuania,LTU,2012,3607.703798113177,2468.998816175124
Lithuania,LTU,2013,3663.671197343602,2356.645002229782
Lithuania,LTU,2014,3821.145170437398,2387.275194407794
Lithuania,LTU,2015,3906.48935767373,2425.77105783362
Lithuania,LTU,2016,4056.15865667723,2512.92612851896
Lithuania,LTU,2017,4224.99905423661,2666.7550123295
Lithuania,LTU,2018,4357.95559804008,2728.24923193277
Lithuania,LTU,2019,4448.24287427567,2724.03467418319
Lithuania,LTU,2020,4463.51102102591,2669.23622031747
Lithuania,LTU,2021,4711.44539189864,2761.91142946898
Lithuania,LTU,2022,4416.1702815931,2428.00261742472
Luxembourg,LUX,1960,4548.205242539096,10523.40669490716
Luxembourg,LUX,1961,4630.024144297685,10534.01821079708
Luxembourg,LUX,1962,5094.310210444271,10414.54091971941
Luxembourg,LUX,1963,7016.352977476087,10465.81302067263
Luxembourg,LUX,1964,8692.60106788711,11150.05034324943
Luxembourg,LUX,1965,9107.08898944193,10926.395173454
Luxembourg,LUX,1966,9541.921861663095,10480.60617858908
Luxembourg,LUX,1967,9495.664114389769,10361.97256675473
Luxembourg,LUX,1968,9209.468512728898,11114.66726217061
Luxembourg,LUX,1969,10260.74074074074,11974.19259259259
Luxembourg,LUX,1970,10649.49538728252,12106.15294350047
Luxembourg,LUX,1971,11871.35134819418,11863.08958854743
Luxembourg,LUX,1972,11661.85804962493,12009.57010963647
Luxembourg,LUX,1973,11796.26194892281,12648.56042231417
Luxembourg,LUX,1974,13108.0129559217,13023.88959301507
Luxembourg,LUX,1975,10642.15071737011,10504.98119515253
Luxembourg,LUX,1976,11487.78452641996,10668.56743667719
Luxembourg,LUX,1977,10443.93648404076,10278.55755234421
Luxembourg,LUX,1978,10806.42087031466,11096.00366843735
Luxembourg,LUX,1979,10982.31805454505,10458.11286019799
Luxembourg,LUX,1980,10784.01757517506,9774.650556089522
Luxembourg,LUX,1981,11089.05469231296,8526.03737422137
Luxembourg,LUX,1982,10992.40818001505,8057.809999316052
Luxembourg,LUX,1983,11137.18539912806,7576.207121015693
Luxembourg,LUX,1984,11737.76905884732,8112.675479100979
Luxembourg,LUX,1985,12064.16039006725,8346.926420620333
Luxembourg,LUX,1986,12159.46573278495,8163.548750525986
Luxembourg,LUX,1987,12275.11800404585,7942.948078219824
Luxembourg,LUX,1988,13423.48373276208,8158.433525237649
Luxembourg,LUX,1989,13537.52320339432,8699.936356404138
Luxembourg,LUX,1990,13667.67055126359,8874.105015058269
Luxembourg,LUX,1991,14087.85529715762,9353.421188630493
Luxembourg,LUX,1992,12927.90208452859,9262.081978708484
Luxembourg,LUX,1993,12632.24102144789,9266.942575004718
Luxembourg,LUX,1994,13665.0741453124,8823.252466339889
Luxembourg,LUX,1995,14920.77087794433,7705.407158152339
Luxembourg,LUX,1996,14629.73021908383,7711.178707224334
Luxembourg,LUX,1997,15134.10418405054,7409.850995351055
Luxembourg,LUX,1998,15460.32493524841,7066.884859901107
Luxembourg,LUX,1999,14990.41756199547,7266.972530344387
Luxembourg,LUX,2000,15668.11826724731,7676.837038734815
Luxembourg,LUX,2001,15616.32976615141,7982.850348224903
Luxembourg,LUX,2002,15980.27679722082,8204.726844847875
Luxembourg,LUX,2003,16258.88448508735,8549.502911675487
Luxembourg,LUX,2004,16300.11242209585,9387.437103657538
Luxembourg,LUX,2005,15644.14672003921,9428.811285627678
Luxembourg,LUX,2006,16456.60411690156,9170.532565161
Luxembourg,LUX,2007,16352.32180469299,8773.896702660246
Luxembourg,LUX,2008,15937.78778266653,8612.233705105904
Luxembourg,LUX,2009,14425.96472760219,7951.723943967552
Luxembourg,LUX,2010,16829.96254090616,8329.47827510637
Luxembourg,LUX,2011,15586.084225432,8056.404300594004
Luxembourg,LUX,2012,14703.94352721369,7722.190203900208
Luxembourg,LUX,2013,14193.16843345112,7312.154004711425
Luxembourg,LUX,2014,13914.67844887555,6861.106667217909
Luxembourg,LUX,2015,14410.0111656519,6548.75962101678
Luxembourg,LUX,2016,14327.8340383565,6342.68337961913
Luxembourg,LUX,2017,13847.8978294116,6313.35371226953
Luxembourg,LUX,2018,13497.8205444527,6414.60050528088
Luxembourg,LUX,2019,12309.6575650684,6377.09810724871
Luxembourg,LUX,2020,11980.920625806,5436.11880127401
Luxembourg,LUX,2021,12151.9098090191,5630.67678137135
Luxembourg,LUX,2022,11629.0998510189,4875.19867273903
Malta,MLT,1960,,
Malta,MLT,1961,,
Malta,MLT,1962,,
Malta,MLT,1963,,
Malta,MLT,1964,,
Malta,MLT,1965,,
Malta,MLT,1966,,
Malta,MLT,1967,,
Malta,MLT,1968,,
Malta,MLT,1969,,
Malta,MLT,1970,,
Malta,MLT,1971,1007.598282127519,695.9563924677899
Malta,MLT,1972,1071.251446520086,873.0335592659943
Malta,MLT,1973,1207.809397749834,844.4771674387823
Malta,MLT,1974,1006.63584948145,775.463913429317
Malta,MLT,1975,1111.030760431527,687.9877194943166
Malta,MLT,1976,1249.288690339924,778.1662273443785
Malta,MLT,1977,1358.438935400854,822.8654265889174
Malta,MLT,1978,1479.77638934561,950.3420572438116
Malta,MLT,1979,1598.891945541932,907.5259620478582
Malta,MLT,1980,1664.324401143236,1005.122455746972
Malta,MLT,1981,1749.315008370378,1129.512010082073
Malta,MLT,1982,1831.861502678752,1255.810100092667
Malta,MLT,1983,1860.681826433179,945.0902203773402
Malta,MLT,1984,1920.790821342255,1245.235077572725
Malta,MLT,1985,2110.256440740432,1023.899397239428
Malta,MLT,1986,2250.665700147024,1678.113883684428
Malta,MLT,1987,2487.771601085678,1750.653874624439
Malta,MLT,1988,2692.003167062549,1871.376952422083
Malta,MLT,1989,2851.261112790187,1983.268799790147
Malta,MLT,1990,2823.502837620352,1961.642713950927
Malta,MLT,1991,3597.685827756325,1846.500570297792
Malta,MLT,1992,3726.694557937859,1807.057869854033
Malta,MLT,1993,3716.591078026867,2289.021513137342
Malta,MLT,1994,3735.3554057263,2056.342500073373
Malta,MLT,1995,3921.371208126777,1879.094587182945
Malta,MLT,1996,3790.42128953291,1836.669693739224
Malta,MLT,1997,3827.153720960001,2047.422745048865
Malta,MLT,1998,3921.751836942331,1792.827165204121
Malta,MLT,1999,4197.864687882181,1943.425581431351
Malta,MLT,2000,4311.858636663103,1731.708567575951
Malta,MLT,2001,4292.315051344943,2001.335782692327
Malta,MLT,2002,4500.352300306337,1851.91264972763
Malta,MLT,2003,4872.272204966606,2071.49846204796
Malta,MLT,2004,4797.292582513433,2066.583928945243
Malta,MLT,2005,4912.90975995087,2181.143737278188
Malta,MLT,2006,4897.51004174603,2055.686046167359
Malta,MLT,2007,4873.083466921057,2156.555797051563
Malta,MLT,2008,4836.593963051353,2043.526902943238
Malta,MLT,2009,4434.186633436531,1887.203407705157
Malta,MLT,2010,4767.097378096442,2012.315805726307
Malta,MLT,2011,4867.056799946188,1993.328817012117
Malta,MLT,2012,5002.047482548783,2090.393973735084
Malta,MLT,2013,4915.873764869109,1803.210107825254
Malta,MLT,2014,4924.544019440443,1781.504425186051
Malta,MLT,2015,4896.04608889278,1446.16042952665
Malta,MLT,2016,4758.91390472509,1309.21599360114
Malta,MLT,2017,5061.97662815519,1448.44014456977
Malta,MLT,2018,5036.83222252027,1405.58466702769
Malta,MLT,2019,5035.09488912078,1440.05412913617
Malta,MLT,2020,4715.40676689978,1337.138799396
Malta,MLT,2021,4936.97641050959,1362.17923171488
Malta,MLT,2022,5170.16581030308,1455.15479916534
Netherlands,NLD,1960,1353.399443231005,1825.934253481286
Netherlands,NLD,1961,1421.033530170693,1879.15020149996
Netherlands,NLD,1962,1528.50036960994,2081.011620753351
Netherlands,NLD,1963,1647.505934748603,2268.427889566125
Netherlands,NLD,1964,1778.740541859898,2349.083541681784
Netherlands,NLD,1965,1914.15315112196,2493.153897132528
Netherlands,NLD,1966,2088.188492669263,2605.566955900295
Netherlands,NLD,1967,2243.65367721947,2762.802482671931
Netherlands,NLD,1968,2487.250113337127,3042.809657807897
Netherlands,NLD,1969,2710.905682131613,3362.78721886904
Netherlands,NLD,1970,2948.339405850017,3765.567365513556
Netherlands,NLD,1971,3146.463256613723,3855.226766128334
Netherlands,NLD,1972,3414.689007309324,4381.041794884126
Netherlands,NLD,1973,3612.310204339177,4613.271339134519
Netherlands,NLD,1974,3735.237417992218,4501.414316780972
Netherlands,NLD,1975,3773.140348162108,4318.726564217838
Netherlands,NLD,1976,4009.790303307592,4742.981741663682
Netherlands,NLD,1977,4077.457106700004,4560.273119909989
Netherlands,NLD,1978,4251.13149759355,4662.605277692104
Netherlands,NLD,1979,4403.106650605809,4868.635593987008
Netherlands,NLD,1980,4364.160624178434,4548.824789042955
Netherlands,NLD,1981,4292.700717221227,4269.41411959452
Netherlands,NLD,1982,4237.777804172381,3785.115935578846
Netherlands,NLD,1983,4300.250503408141,3935.956879168821
Netherlands,NLD,1984,4412.165074401643,4147.701527660681
Netherlands,NLD,1985,4517.089586597286,4184.429814392195
Netherlands,NLD,1986,4566.684769532944,4317.315590602924
Netherlands,NLD,1987,4722.933873266054,4387.670689136345
Netherlands,NLD,1988,4924.155632071178,4321.100529576574
Netherlands,NLD,1989,5052.627779270219,4323.858180268757
Netherlands,NLD,1990,5218.202041131632,4394.542089728729
Netherlands,NLD,1991,5327.476851381817,4603.733175454641
Netherlands,NLD,1992,5441.655471890916,4502.540080238849
Netherlands,NLD,1993,5494.112371919367,4510.582152110401
Netherlands,NLD,1994,5643.106948145719,4511.794962672037
Netherlands,NLD,1995,5719.061109103652,4780.41259573869
Netherlands,NLD,1996,5905.992196773085,5014.988830364617
Netherlands,NLD,1997,6066.243237789586,4835.741945402658
Netherlands,NLD,1998,6257.890883097054,4842.443937684919
Netherlands,NLD,1999,6349.319583852556,4730.229682506195
Netherlands,NLD,2000,6507.105924939436,4739.065925223256
Netherlands,NLD,2001,6599.2653703249,4839.465530113709
Netherlands,NLD,2002,6641.740761879627,4873.261626204438
Netherlands,NLD,2003,6695.715124439595,5020.381931874057
Netherlands,NLD,2004,6882.970220883111,5085.885700819303
Netherlands,NLD,2005,6912.372085362455,4989.467929520019
Netherlands,NLD,2006,7025.834478815468,4925.112416716377
Netherlands,NLD,2007,7157.378576674845,4908.89826059524
Netherlands,NLD,2008,7173.04629878655,4848.013689746548
Netherlands,NLD,2009,6856.281897315417,4722.106038890315
Netherlands,NLD,2010,7006.273820530528,5025.320916253928
Netherlands,NLD,2011,7060.053768407185,4636.701904035171
Netherlands,NLD,2012,6876.589752934086,4646.255240686311
Netherlands,NLD,2013,6833.911434792916,4600.182975538834
Netherlands,NLD,2014,6712.774758245,4325.523711580807
Netherlands,NLD,2015,6711.77785164667,3997.17333668697
Netherlands,NLD,2016,6731.46719432184,4211.57352732735
Netherlands,NLD,2017,6727.97901571486,4125.20767936989
Netherlands,NLD,2018,6790.77027214614,3876.41820572848
Netherlands,NLD,2019,6757.50080398393,4130.00810728302
Netherlands,NLD,2020,6643.57996731932,3978.35112789019
Netherlands,NLD,2021,6704.42622513238,4053.34487073656
Netherlands,NLD,2022,6365.46605154448,3575.78888461307
Poland,POL,1960,904.5650013749496,1827.936816426514
Poland,POL,1961,987.9188359364572,1894.057435589374
Poland,POL,1962,1062.177277001501,1976.859791807579
Poland,POL,1963,1092.69992185465,1984.016736129201
Poland,POL,1964,1167.040522552582,2031.261374237502
Poland,POL,1965,1251.01168868133,2088.010793466041
Poland,POL,1966,1361.541618004482,2140.868691013541
Poland,POL,1967,1484.064462750751,2199.054620518767
Poland,POL,1968,1592.740346661081,2290.236263555068
Poland,POL,1969,1701.90148179782,2438.36688859326
Poland,POL,1970,1806.834984983606,2549.980376129291
Poland,POL,1971,1955.770433297238,2627.021489468788
Poland,POL,1972,2111.741865611476,2693.7452750135
Poland,POL,1973,2264.72845442663,2784.332707781229
Poland,POL,1974,2413.202403083307,2882.116959939813
Poland,POL,1975,2593.164308696239,3029.427815489187
Poland,POL,1976,2741.243963989137,3157.946111775715
Poland,POL,1977,2871.914912630931,3251.802571704904
Poland,POL,1978,2988.079712631844,3488.406405152492
Poland,POL,1979,3009.854650368567,3565.325143258828
Poland,POL,1980,3076.419253868329,3559.326505341659
Poland,POL,1981,2884.208228028585,3245.297816317951
Poland,POL,1982,2900.127105682091,3412.498663763255
Poland,POL,1983,3044.74966072227,3350.919511553817
Poland,POL,1984,3159.808600304779,3211.696852173797
Poland,POL,1985,3260.426185393563,3351.954155011232
Poland,POL,1986,3384.360242981928,3464.242891795597
Poland,POL,1987,3519.959689970637,3535.481971522546
Poland,POL,1988,3568.534848866556,3496.985114431294
Poland,POL,1989,3537.923880779407,3259.223304730429
Poland,POL,1990,3272.302310668933,2705.60874347842
Poland,POL,1991,3088.228938237069,2641.029448342741
Poland,POL,1992,2961.395739359326,2569.175334568512
Poland,POL,1993,2977.712100399444,2624.648842808875
Poland,POL,1994,2993.177532256992,2496.172707576012
Poland,POL,1995,3060.888874770767,2577.529684027967
Poland,POL,1996,3159.041817381099,2680.10207027325
Poland,POL,1997,3206.237778029613,2643.123535886215
Poland,POL,1998,3206.591770668554,2459.834539988782
Poland,POL,1999,3171.757383697595,2396.692123549781
Poland,POL,2000,3256.180455394782,2320.37671815161
Poland,POL,2001,3260.033262849613,2336.445838478255
Poland,POL,2002,3208.392156559116,2314.202579917889
Poland,POL,2003,3324.471391773288,2375.006131465424
Poland,POL,2004,3416.118632383417,2383.055679682549
Poland,POL,2005,3437.323998187366,2414.16178954549
Poland,POL,2006,3584.962188067848,2536.978045328175
Poland,POL,2007,3661.646103834781,2527.40841162879
Poland,POL,2008,3725.748777880068,2564.775641581326
Poland,POL,2009,3590.832081157901,2466.524040942657
Poland,POL,2010,3797.092295586912,2640.238910948549
Poland,POL,2011,3879.542093811998,2653.403656623691
Poland,POL,2012,3899.176642278083,2566.574313160093
Poland,POL,2013,3938.255207728162,2565.670455536034
Poland,POL,2014,3971.799761310553,2473.406883426921
Poland,POL,2015,4056.08194846094,2498.7721796386
Poland,POL,2016,4191.16764204412,2614.96971779438
Poland,POL,2017,4285.89192219077,2734.42476025436
Poland,POL,2018,4393.41931151621,2865.52431560861
Poland,POL,2019,4363.43809737663,2761.07120390241
Poland,POL,2020,4256.41051350337,2684.34020478413
Poland,POL,2021,4631.20010705876,2920.57014228821
Poland,POL,2022,4596.71266565855,2803.44282148757
Portugal,PRT,1960,320.1728301065422,336.9136016553251
Portugal,PRT,1961,350.1947965555256,365.8401158610582
Portugal,PRT,1962,379.1422823142356,363.1640479720613
Portugal,PRT,1963,409.8399232366834,394.9389586566641
Portugal,PRT,1964,459.5276449816914,410.2518271259656
Portugal,PRT,1965,486.8537810624881,440.8829378364067
Portugal,PRT,1966,543.0528978310356,451.7508137395742
Portugal,PRT,1967,572.4253255387333,486.5854153238711
Portugal,PRT,1968,614.5994239898604,497.1290025066061
Portugal,PRT,1969,681.1145157321467,579.9724927934888
Portugal,PRT,1970,763.902161079329,663.8615064159833
Portugal,PRT,1971,835.2850311832033,726.0504576945485
Portugal,PRT,1972,911.542066849508,745.2839545654157
Portugal,PRT,1973,994.7759205847262,798.8351808736144
Portugal,PRT,1974,1080.946476414908,824.3612186606339
Portugal,PRT,1975,1075.826939551128,845.3624414002576
Portugal,PRT,1976,1136.940574894103,872.3493743459946
Portugal,PRT,1977,1248.98539765802,845.3689451043949
Portugal,PRT,1978,1343.656003975623,916.7693877017236
Portugal,PRT,1979,1466.474628322482,998.160696347735
Portugal,PRT,1980,1558.520759934763,1022.463648509284
Portugal,PRT,1981,1567.295973896807,1006.494127411012
Portugal,PRT,1982,1644.711121756142,1119.204630534745
Portugal,PRT,1983,1740.031623244541,1117.913126960448
Portugal,PRT,1984,1774.268544387525,1115.894268960544
Portugal,PRT,1985,1873.17686746286,1093.858571754516
Portugal,PRT,1986,1974.536552050518,1208.474280290896
Portugal,PRT,1987,2057.720459687513,1241.195665297545
Portugal,PRT,1988,2201.782304900091,1299.585113592246
Portugal,PRT,1989,2399.300349825087,1575.754522738631
Portugal,PRT,1990,2541.86575911695,1680.962391084719
Portugal,PRT,1991,2676.643673567943,1703.316437814971
Portugal,PRT,1992,2815.877105778713,1813.885846100485
Portugal,PRT,1993,2803.202312167733,1786.45194148329
Portugal,PRT,1994,2870.833030993767,1827.696672930308
Portugal,PRT,1995,3076.846047785317,2014.020499939359
Portugal,PRT,1996,3195.864047349226,1986.836970989011
Portugal,PRT,1997,3352.465833090727,2083.487676349447
Portugal,PRT,1998,3545.010352162498,2240.067317598991
Portugal,PRT,1999,3795.229279647299,2390.494731365609
Portugal,PRT,2000,3988.960823518367,2390.097938774515
Portugal,PRT,2001,4119.670488120785,2391.228192747041
Portugal,PRT,2002,4271.168527944991,2477.489749876939
Portugal,PRT,2003,4375.732216853124,2400.765918070498
Portugal,PRT,2004,4533.539694965433,2462.985058653487
Portugal,PRT,2005,4682.99101332625,2519.004925104705
Portugal,PRT,2006,4827.467182042536,2390.324613810229
Portugal,PRT,2007,4890.560187818151,2402.426395461466
Portugal,PRT,2008,4850.837412557111,2337.271386907039
Portugal,PRT,2009,4843.849694277585,2304.026675379559
Portugal,PRT,2010,4959.094305359828,2222.629692332428
Portugal,PRT,2011,4848.279337271112,2163.982113291328
Portugal,PRT,2012,4736.351770886948,2039.011895944438
Portugal,PRT,2013,4685.054787112728,2057.861330296219
Portugal,PRT,2014,4662.600799802944,2034.512629575711
Portugal,PRT,2015,4807.07034781363,2121.0872664787
Portugal,PRT,2016,4875.62190982051,2111.0971132123
Portugal,PRT,2017,5014.1258021611,2210.06714740228
Portugal,PRT,2018,5048.60935943854,2140.97558921814
Portugal,PRT,2019,5016.98235792727,2115.18570481977
Portugal,PRT,2020,4858.94983248165,1957.30550192994
Portugal,PRT,2021,4901.6433485549,1940.99455698663
Portugal,PRT,2022,5085.23209727273,1948.548763792
Romania,ROU,1960,,
Romania,ROU,1961,,
Romania,ROU,1962,,
Romania,ROU,1963,,
Romania,ROU,1964,,
Romania,ROU,1965,,
Romania,ROU,1966,,
Romania,ROU,1967,,
Romania,ROU,1968,,
Romania,ROU,1969,,
Romania,ROU,1970,,
Romania,ROU,1971,1632.084189837464,2058.880387802166
Romania,ROU,1972,1786.720729450642,2131.639735720236
Romania,ROU,1973,1906.921112873632,2295.811017648043
Romania,ROU,1974,2018.980163465209,2285.5902078939
Romania,ROU,1975,2214.610852480769,2432.730884229301
Romania,ROU,1976,2418.74931617714,2594.392517987267
Romania,ROU,1977,2550.135833193603,2735.439115547201
Romania,ROU,1978,2664.742542911944,2921.299554325853
Romania,ROU,1979,2694.100736932566,2882.334152147295
Romania,ROU,1980,2876.669013344362,2937.198122669852
Romania,ROU,1981,2954.448762518974,2896.82244989167
Romania,ROU,1982,2927.244979375763,2881.807990223771
Romania,ROU,1983,2974.892641902357,2893.947149524048
Romania,ROU,1984,3079.960921438868,2858.882031427951
Romania,ROU,1985,3132.978627236996,2856.610339885204
Romania,ROU,1986,3318.979188058453,2920.04086729859
Romania,ROU,1987,3275.680485310528,3027.565216216699
Romania,ROU,1988,3392.624976461187,3033.684681473777
Romania,ROU,1989,3412.004546518617,2987.0590616532
Romania,ROU,1990,2924.596265769496,2683.178895117563
Romania,ROU,1991,2521.003836546469,2231.80614190896
Romania,ROU,1992,2319.572749027783,2052.962927021529
Romania,ROU,1993,2272.124228142869,2003.715677178333
Romania,ROU,1994,2234.735084509334,1892.681506564106
Romania,ROU,1995,2328.794358381381,2053.942092912842
Romania,ROU,1996,2430.301528749896,2109.772428529568
Romania,ROU,1997,2250.999801454094,1989.994181957613
Romania,ROU,1998,2107.445463134166,1823.4591784797
Romania,ROU,1999,1935.560812458504,1613.782326838151
Romania,ROU,2000,1987.660189909794,1614.209767503598
Romania,ROU,2001,2066.783932925989,1663.739287555514
Romania,ROU,2002,2079.796061718978,1755.130025564074
Romania,ROU,2003,2237.937815531294,1832.27860745221
Romania,ROU,2004,2295.570505489809,1803.463242249536
Romania,ROU,2005,2365.41956412583,1810.327263278046
Romania,ROU,2006,2446.286076656525,1884.545120828017
Romania,ROU,2007,2529.906887818991,1904.096886163097
Romania,ROU,2008,2605.819735488701,1928.96636093072
Romania,ROU,2009,2390.574742971482,1712.526096125654
Romania,ROU,2010,2550.863291419203,1730.087676263656
Romania,ROU,2011,2639.033433779072,1777.106154164422
Romania,ROU,2012,2604.243137475829,1741.722606426801
Romania,ROU,2013,2494.533918230229,1595.989389949095
Romania,ROU,2014,2584.41178726443,1591.667659099947
Romania,ROU,2015,2644.73231616923,1598.69179785792
Romania,ROU,2016,2688.06630221791,1604.62335040687
Romania,ROU,2017,2777.56861539922,1693.37364201715
Romania,ROU,2018,2838.45564104289,1717.11748022415
Romania,ROU,2019,2820.56539536543,1705.25777604649
Romania,ROU,2020,2726.41154410143,1669.6382293589
Romania,ROU,2021,2900.83824132119,1787.01320453152
Romania,ROU,2022,2717.53652859422,1655.78613654671
Slovak Republic,SVK,1960,,
Slovak Republic,SVK,1961,,
Slovak Republic,SVK,1962,,
Slovak Republic,SVK,1963,,
Slovak Republic,SVK,1964,,
Slovak Republic,SVK,1965,,
Slovak Republic,SVK,1966,,
Slovak Republic,SVK,1967,,
Slovak Republic,SVK,1968,,
Slovak Republic,SVK,1969,,
Slovak Republic,SVK,1970,,
Slovak Republic,SVK,1971,2696.684044078168,3128.601987647036
Slovak Republic,SVK,1972,2829.469118844229,3224.519440580496
Slovak Republic,SVK,1973,3026.212741937048,3343.354494128444
Slovak Republic,SVK,1974,3138.205352541132,3464.066088041619
Slovak Republic,SVK,1975,3111.768994356529,3539.879365407603
Slovak Republic,SVK,1976,3260.46083657462,3631.260795735344
Slovak Republic,SVK,1977,3413.489636713225,3780.589447249365
Slovak Republic,SVK,1978,3468.622990209862,3929.157025638404
Slovak Republic,SVK,1979,3806.459359061084,3967.238128250549
Slovak Republic,SVK,1980,4358.595650641641,3983.842773275714
Slovak Republic,SVK,1981,4411.789625615891,3872.536559741074
Slovak Republic,SVK,1982,4439.280022013417,3754.679581942905
Slovak Republic,SVK,1983,4520.84271493298,3767.596673272491
Slovak Republic,SVK,1984,4624.059189830034,3932.192427800761
Slovak Republic,SVK,1985,4841.364431721844,4015.15217266642
Slovak Republic,SVK,1986,4941.625056461137,3979.674183137788
Slovak Republic,SVK,1987,5085.164393318578,4074.779047414816
Slovak Republic,SVK,1988,5150.462918876257,4106.150425589781
Slovak Republic,SVK,1989,5266.168581838087,4083.662216150216
Slovak Republic,SVK,1990,5542.170902819621,4024.66906716068
Slovak Republic,SVK,1991,5115.122789722765,3606.582437255034
Slovak Republic,SVK,1992,4699.137570932868,3410.727884703835
Slovak Republic,SVK,1993,4570.442444141697,3334.794345112627
Slovak Republic,SVK,1994,4582.58196134882,3260.631823955532
Slovak Republic,SVK,1995,4925.961381193842,3315.047988632597
Slovak Republic,SVK,1996,5150.407724327474,3364.258794449136
Slovak Republic,SVK,1997,5068.089389928949,3361.884022245872
Slovak Republic,SVK,1998,4682.297575964898,3256.502531483071
Slovak Republic,SVK,1999,5028.706342823044,3271.41393100841
Slovak Republic,SVK,2000,4955.9078964949,3292.60900547811
Slovak Republic,SVK,2001,5027.452807440674,3456.705473476105
Slovak Republic,SVK,2002,5051.598389558914,3483.867506107595
Slovak Republic,SVK,2003,5021.798222122637,3468.783672977165
Slovak Republic,SVK,2004,5097.83555585338,3416.247850074828
Slovak Republic,SVK,2005,4932.803281413235,3504.475593484002
Slovak Republic,SVK,2006,5153.121483610625,3469.291393684113
Slovak Republic,SVK,2007,5272.370782540614,3320.454722211161
Slovak Republic,SVK,2008,5294.435098832863,3405.692967752094
Slovak Republic,SVK,2009,4954.138250997047,3106.686165134971
Slovak Republic,SVK,2010,5201.40489681027,3306.805543911557
Slovak Republic,SVK,2011,5347.526222662189,3213.949767189588
Slovak Republic,SVK,2012,5137.789017969039,3080.725034252851
Slovak Republic,SVK,2013,5202.467288076074,3130.926574146751
Slovak Republic,SVK,2014,5137.073835193975,2943.189160250092
Slovak Republic,SVK,2015,5149.15646794563,3130.38319862266
Slovak Republic,SVK,2016,5226.30375867414,3158.75002073697
Slovak Republic,SVK,2017,5424.11134513108,3315.79843659555
Slovak Republic,SVK,2018,5400.99813265511,3268.651650529
Slovak Republic,SVK,2019,5213.46417689146,3127.38682636024
Slovak Republic,SVK,2020,5050.16920301742,3031.36945174238
Slovak Republic,SVK,2021,5404.56491141305,3304.60125420722
Slovak Republic,SVK,2022,4957.70057248564,3087.74303383912
Slovenia,SVN,1960,,
Slovenia,SVN,1961,,
Slovenia,SVN,1962,,
Slovenia,SVN,1963,,
Slovenia,SVN,1964,,
Slovenia,SVN,1965,,
Slovenia,SVN,1966,,
Slovenia,SVN,1967,,
Slovenia,SVN,1968,,
Slovenia,SVN,1969,,
Slovenia,SVN,1970,,
Slovenia,SVN,1971,,
Slovenia,SVN,1972,,
Slovenia,SVN,1973,,
Slovenia,SVN,1974,,
Slovenia,SVN,1975,,
Slovenia,SVN,1976,,
Slovenia,SVN,1977,,
Slovenia,SVN,1978,,
Slovenia,SVN,1979,,
Slovenia,SVN,1980,,
Slovenia,SVN,1981,,
Slovenia,SVN,1982,,
Slovenia,SVN,1983,,
Slovenia,SVN,1984,,
Slovenia,SVN,1985,,
Slovenia,SVN,1986,,
Slovenia,SVN,1987,,
Slovenia,SVN,1988,,
Slovenia,SVN,1989,,
Slovenia,SVN,1990,5334.90544555719,2857.564530585874
Slovenia,SVN,1991,5087.452467679523,2778.950390336441
Slovenia,SVN,1992,4943.155465219599,2584.335170884218
Slovenia,SVN,1993,4950.932498420983,2715.389914175803
Slovenia,SVN,1994,5240.160185539369,2827.917160732929
Slovenia,SVN,1995,5312.904548634284,3049.38659371055
Slovenia,SVN,1996,5365.508280080538,3180.206152181303
Slovenia,SVN,1997,5434.662197954033,3310.400633246658
Slovenia,SVN,1998,5574.7064662457,3253.808861295429
Slovenia,SVN,1999,5675.615026386189,3242.486176561802
Slovenia,SVN,2000,5777.995650916952,3224.379501489498
Slovenia,SVN,2001,6006.345190405911,3381.112014698352
Slovenia,SVN,2002,6380.951903455952,3424.452878623034
Slovenia,SVN,2003,6578.034236042597,3463.524930439092
Slovenia,SVN,2004,6830.70507337963,3571.194865128502
Slovenia,SVN,2005,6917.860467069305,3645.837436527543
Slovenia,SVN,2006,7123.537771293379,3648.982892746309
Slovenia,SVN,2007,7137.824175148975,3632.565325584876
Slovenia,SVN,2008,6920.244039031997,3836.621785015307
Slovenia,SVN,2009,6104.421844916994,3496.22953528244
Slovenia,SVN,2010,6510.841884365926,3579.072461306181
Slovenia,SVN,2011,6753.07366418182,3567.983036208809
Slovenia,SVN,2012,6718.975052487435,3424.040144684976
Slovenia,SVN,2013,6779.280886505663,3330.99007598717
Slovenia,SVN,2014,6727.999301642111,3236.236044966488
Slovenia,SVN,2015,6875.59333976567,3191.92171414285
Slovenia,SVN,2016,6996.46786845013,3292.05071205777
Slovenia,SVN,2017,7218.87660981384,3383.3924450401
Slovenia,SVN,2018,7206.25065697668,3332.53122800988
Slovenia,SVN,2019,7145.7130749359,3258.59326068265
Slovenia,SVN,2020,6820.23897234566,3066.63817459004
Slovenia,SVN,2021,7006.37879320462,3139.44820580304
Slovenia,SVN,2022,6730.81839858035,3039.0350404997
Spain,ESP,1960,494.7956000656707,530.6648497783615
Spain,ESP,1961,550.4363314004082,557.599290808982
Spain,ESP,1962,613.2474471016459,605.2235273245334
Spain,ESP,1963,663.9368538186402,623.5181841021903
Spain,ESP,1964,745.3843731230738,683.6855541559979
Spain,ESP,1965,822.9567408346898,714.7215779338812
Spain,ESP,1966,925.9306870317728,790.7917041913511
Spain,ESP,1967,1033.076974362196,881.3832485791444
Spain,ESP,1968,1154.526780823585,993.6645682646648
Spain,ESP,1969,1293.58960994471,1049.791163878986
Spain,ESP,1970,1415.841018170561,1123.102993798731
Spain,ESP,1971,1534.982698062119,1244.903225731048
Spain,ESP,1972,1703.508295416988,1295.609679778644
Spain,ESP,1973,1873.67742161546,1473.952331289078
Spain,ESP,1974,2024.095268370935,1580.126018652185
Spain,ESP,1975,2054.343236040148,1607.741310311847
Spain,ESP,1976,2256.141019273663,1707.886188571682
Spain,ESP,1977,2294.473888024416,1661.179073916103
Spain,ESP,1978,2399.030101751536,1757.396263513329
Spain,ESP,1979,2528.949623474073,1768.794178643248
Spain,ESP,1980,2644.222978933837,1805.590730509441
Spain,ESP,1981,2671.283288845933,1820.104124008098
Spain,ESP,1982,2658.241670644447,1760.399907207948
Spain,ESP,1983,2792.159862620108,1781.472209978512
Spain,ESP,1984,2903.337938559624,1813.424443347316
Spain,ESP,1985,2975.083229545517,1843.193253920143
Spain,ESP,1986,3004.279632218264,1875.778185631665
Spain,ESP,1987,3094.082264578492,1916.767548196883
Spain,ESP,1988,3217.948159383953,2065.722444580935
Spain,ESP,1989,3442.948710618515,2269.013327679647
Spain,ESP,1990,3536.749972123112,2317.47677393364
Spain,ESP,1991,3607.700136137885,2397.714172855079
Spain,ESP,1992,3690.591004039181,2430.374522906551
Spain,ESP,1993,3638.526630573989,2318.982988909248
Spain,ESP,1994,3756.039200681846,2436.012362149862
Spain,ESP,1995,3917.324643383542,2537.0726801522
Spain,ESP,1996,4008.939416471137,2489.340421719288
Spain,ESP,1997,4324.420645589257,2634.649128029787
Spain,ESP,1998,4479.047315339893,2756.218906709506
Spain,ESP,1999,4820.675033658831,2877.98241384113
Spain,ESP,2000,5167.80967319354,3003.761672046623
Spain,ESP,2001,5422.51568968264,3060.881809466206
Spain,ESP,2002,5576.546264564803,3107.867341121953
Spain,ESP,2003,5676.140490894905,3157.227264048515
Spain,ESP,2004,5892.307410937938,3238.502447294091
Spain,ESP,2005,6111.219223444446,3251.397132692929
Spain,ESP,2006,6105.075849287206,3194.081246212187
Spain,ESP,2007,6054.374438095923,3180.033419563174
Spain,ESP,2008,6025.77275684571,3026.338408150079
Spain,ESP,2009,5652.595932967676,2757.69141158545
Spain,ESP,2010,5706.563062799139,2742.877182221907
Spain,ESP,2011,5599.377374394978,2689.684337213148
Spain,ESP,2012,5573.401181513587,2683.367934807765
Spain,ESP,2013,5409.411337977044,2512.105919245681
Spain,ESP,2014,5355.987005582209,2464.641290584805
Spain,ESP,2015,5474.64570439183,2551.16315891178
Spain,ESP,2016,5501.19737814651,2561.57771880624
Spain,ESP,2017,5603.21674158884,2689.22672563157
Spain,ESP,2018,5554.92470856614,2665.36385360165
Spain,ESP,2019,5416.99125850377,2573.01236026464
Spain,ESP,2020,5088.5182523075,2303.21008674593
Spain,ESP,2021,5239.5199793554,2421.83064220479
Spain,ESP,2022,5182.69523645187,2407.99572750082
Sweden,SWE,1960,4002.321549580903,2698.792302545367
Sweden,SWE,1961,4355.45328602481,2742.123468649858
Sweden,SWE,1962,4613.977910460078,2887.236252490879
Sweden,SWE,1963,4728.754467192894,3080.414074721659
Sweden,SWE,1964,5189.291605635244,3273.508964603385
Sweden,SWE,1965,5521.180710313475,3437.540770428401
Sweden,SWE,1966,5632.190488559065,3636.643857415862
Sweden,SWE,1967,6017.973467230458,3630.194138713214
Sweden,SWE,1968,6512.919865125989,4000.823277963235
Sweden,SWE,1969,7017.883372539806,4303.223916651355
Sweden,SWE,1970,7315.983573384447,4681.299835716438
Sweden,SWE,1971,7674.294490694012,4450.382510773204
Sweden,SWE,1972,8131.933073144306,4527.213720251653
Sweden,SWE,1973,8745.485669674417,4773.811402512588
Sweden,SWE,1974,8786.445513486287,4510.443011021507
Sweden,SWE,1975,9051.519102313512,4764.499012931073
Sweden,SWE,1976,9751.545981251442,5151.251367320475
Sweden,SWE,1977,9828.347193372389,5054.833764363985
Sweden,SWE,1978,10143.43493443798,5016.740419636089
Sweden,SWE,1979,10694.29027748606,5229.618270687624
Sweden,SWE,1980,10703.40751992863,4871.533238971132
Sweden,SWE,1981,11112.30895536003,5097.154462897256
Sweden,SWE,1982,11440.23918523655,4877.799896531797
Sweden,SWE,1983,12609.02676217035,4941.267011428577
Sweden,SWE,1984,13692.98413442882,5216.257817180975
Sweden,SWE,1985,14950.32684716611,5656.19289934621
Sweden,SWE,1986,14858.36807418646,5878.80146655326
Sweden,SWE,1987,15746.25937923772,5763.070440796189
Sweden,SWE,1988,15895.83059967245,5854.499662122477
Sweden,SWE,1989,15680.8624174081,5594.552973496649
Sweden,SWE,1990,15836.03375926747,5514.557530318087
Sweden,SWE,1991,15932.92621012779,5650.541377159519
Sweden,SWE,1992,15544.41145874853,5369.370356735821
Sweden,SWE,1993,15506.8020972727,5334.166498347606
Sweden,SWE,1994,15290.61600126185,5660.271423438445
Sweden,SWE,1995,15475.01347862492,5702.165042717526
Sweden,SWE,1996,15434.23038892215,5825.097913154148
Sweden,SWE,1997,15410.69913369361,5672.008177197944
Sweden,SWE,1998,15522.13349626832,5769.695064068655
Sweden,SWE,1999,15470.86806608448,5661.491459463072
Sweden,SWE,2000,15681.61527321182,5360.145146999434
Sweden,SWE,2001,16020.98031016326,5680.280486872693
Sweden,SWE,2002,15709.42966902477,5802.110105168002
Sweden,SWE,2003,15360.17889250208,5650.438049752915
Sweden,SWE,2004,15420.97314169485,5847.344163265797
Sweden,SWE,2005,15430.96394823586,5711.127282666333
Sweden,SWE,2006,15262.58726799886,5529.077953263612
Sweden,SWE,2007,15257.93575316033,5472.135391729772
Sweden,SWE,2008,14869.34897762244,5379.959102511302
Sweden,SWE,2009,14143.01100767166,4883.200489540533
Sweden,SWE,2010,14934.32696468356,5427.925046005993
Sweden,SWE,2011,14030.16314692028,5274.643613177098
Sweden,SWE,2012,14289.59509312272,5269.485997713716
Sweden,SWE,2013,13870.38990856507,5146.533589975979
Sweden,SWE,2014,13480.14822439102,4966.43592120964
Sweden,SWE,2015,13523.9804612342,4575.32694997706
Sweden,SWE,2016,13675.7873181576,4860.49282103176
Sweden,SWE,2017,13498.416834548,4928.6064917555
Sweden,SWE,2018,13330.4321658493,4968.04508928872
Sweden,SWE,2019,12811.5038135938,4783.84149571001
Sweden,SWE,2020,12607.4980668265,4287.0073851624
Sweden,SWE,2021,13017.9973503743,4560.4777973156
Sweden,SWE,2022,12418.3973191038,4326.56277192962
